COD_HOSPITAL,SERVICIO_SALUD,n_episodios_totales,HSMR,IEMC_ML,IEMC_FONASA,diferencia_IEMC_ML_FONASA,clasificacion_desempeno
114101,METROPOLITANO SURORIENTE,49411,79.8,0.826,0.765,0.061,SOBRESALIENTE
118100,CONCEPCIÓN,35148,84.1,0.921,0.847,0.074,SOBRESALIENTE
116105,DEL MAULE,33858,97.7,1.052,0.904,0.148,ALERTA_ESTANCIA
120101,BIOBIO,30527,58.7,0.914,0.871,0.043,SOBRESALIENTE
124105,DEL RELONCAVÍ,30453,79.0,1.004,0.952,0.051,ALTA_SUPERVIVENCIA
121109,ARAUCANÍA SUR,29540,85.4,1.138,1.07,0.068,ALERTA_ESTANCIA
107100,VIÑA DEL MAR QUILLOTA,27950,81.3,0.874,0.798,0.075,SOBRESALIENTE
109100,METROPOLITANO NORTE,27157,110.2,1.13,1.125,0.005,ALERTA_CRITICA
113100,METROPOLITANO SUR,27131,105.7,1.136,1.09,0.047,ALERTA_ESTANCIA
115100,LIBERTADOR B. O HIGGINS,26962,99.2,0.88,0.869,0.011,ALTA_EFICIENCIA
110100,METROPOLITANO OCCIDENTE,26632,93.3,0.986,0.916,0.07,PROMEDIO_ESPERADO
110120,METROPOLITANO OCCIDENTE,25837,102.3,1.012,0.978,0.034,PROMEDIO_ESPERADO
117101,ÑUBLE,25827,89.8,0.917,0.916,0.001,SOBRESALIENTE
119100,TALCAHUANO,25653,98.2,0.859,0.832,0.028,ALTA_EFICIENCIA
122100,VALDIVIA,23550,77.1,1.012,0.978,0.034,ALTA_SUPERVIVENCIA
103100,ANTOFAGASTA,23141,118.4,1.194,1.124,0.07,ALERTA_CRITICA
116100,DEL MAULE,21397,84.1,0.917,0.902,0.015,SOBRESALIENTE
106100,VALPARAISO SAN ANTONIO,21316,95.3,0.934,0.931,0.004,ALTA_EFICIENCIA
105100,COQUIMBO,21122,96.2,1.013,0.947,0.065,PROMEDIO_ESPERADO
114103,METROPOLITANO SURORIENTE,20928,78.0,0.828,0.817,0.011,SOBRESALIENTE
111101,METROPOLITANO CENTRAL,20389,98.7,0.913,0.919,-0.006,ALTA_EFICIENCIA
102100,IQUIQUE,20297,99.7,0.881,0.852,0.03,ALTA_EFICIENCIA
111100,METROPOLITANO CENTRAL,20269,95.7,1.036,0.87,0.165,PROMEDIO_ESPERADO
123100,OSORNO,20170,77.9,0.867,0.857,0.01,SOBRESALIENTE
114105,METROPOLITANO SURORIENTE,20091,99.6,1.028,0.991,0.038,PROMEDIO_ESPERADO
101100,ARICA,19662,96.3,0.789,0.795,-0.006,ALTA_EFICIENCIA
112100,METROPOLITANO ORIENTE,18875,88.3,1.018,1.012,0.006,ALTA_SUPERVIVENCIA
105101,COQUIMBO,18660,84.1,1.053,0.966,0.086,ALERTA_ESTANCIA
112101,METROPOLITANO ORIENTE,17718,95.9,0.847,0.823,0.024,ALTA_EFICIENCIA
113180,METROPOLITANO SUR,15901,123.2,1.014,0.944,0.069,ALERTA_MORTALIDAD
104100,ATACAMA,14272,107.5,1.088,0.987,0.101,ALERTA_ESTANCIA
107101,VIÑA DEL MAR QUILLOTA,14245,102.4,1.067,1.032,0.036,ALERTA_ESTANCIA
116108,DEL MAULE,14174,106.1,0.922,0.898,0.024,ALTA_EFICIENCIA
126100,MAGALLANES,13434,66.2,1.05,0.967,0.083,ALERTA_ESTANCIA
108100,ACONCAGUA,13211,91.4,0.828,0.816,0.012,ALTA_EFICIENCIA
105102,COQUIMBO,11587,91.7,1.001,1.028,-0.028,PROMEDIO_ESPERADO
111195,METROPOLITANO CENTRAL,11565,78.6,0.998,0.94,0.058,ALTA_SUPERVIVENCIA
103101,ANTOFAGASTA,11021,79.1,0.85,0.854,-0.005,SOBRESALIENTE
129100,ARAUCANÍA NORTE,10702,77.3,0.981,1.005,-0.024,ALTA_SUPERVIVENCIA
200717,ARAUCANÍA SUR,10354,74.0,0.954,1.016,-0.061,ALTA_SUPERVIVENCIA
110150,METROPOLITANO OCCIDENTE,10207,73.9,0.801,0.817,-0.017,SOBRESALIENTE
125100,AYSEN,10011,66.5,0.716,0.597,0.119,SOBRESALIENTE
113130,METROPOLITANO SUR,9941,50.3,0.846,0.711,0.135,SOBRESALIENTE
106103,VALPARAISO SAN ANTONIO,9901,68.8,0.929,0.969,-0.04,SOBRESALIENTE
115107,LIBERTADOR B. O HIGGINS,9685,89.6,0.908,0.91,-0.002,SOBRESALIENTE
107102,VIÑA DEL MAR QUILLOTA,9526,121.6,0.877,0.855,0.022,ALERTA_MORTALIDAD
109101,METROPOLITANO NORTE,9168,114.2,0.97,0.756,0.214,ALERTA_MORTALIDAD
117102,ÑUBLE,9160,68.5,0.71,0.78,-0.07,SOBRESALIENTE
108101,ACONCAGUA,8784,81.1,0.903,0.883,0.021,SOBRESALIENTE
133150,CHILOÉ,8632,91.7,0.77,0.766,0.004,ALTA_EFICIENCIA
129106,ARAUCANÍA NORTE,8369,80.8,1.017,1.002,0.015,ALTA_SUPERVIVENCIA
118105,CONCEPCIÓN,7656,82.9,0.673,0.686,-0.014,SOBRESALIENTE
112102,METROPOLITANO ORIENTE,7344,104.0,0.972,0.736,0.236,PROMEDIO_ESPERADO
128109,ARAUCO,7085,80.9,0.978,0.983,-0.006,ALTA_SUPERVIVENCIA
115110,LIBERTADOR B. O HIGGINS,7001,63.5,0.654,0.675,-0.021,SOBRESALIENTE
121121,ARAUCANÍA SUR,6789,55.4,0.669,0.675,-0.007,SOBRESALIENTE
104103,ATACAMA,6455,70.4,0.857,0.86,-0.003,SOBRESALIENTE
118106,CONCEPCIÓN,6247,95.1,0.721,0.747,-0.026,ALTA_EFICIENCIA
110130,METROPOLITANO OCCIDENTE,5972,69.7,0.891,0.834,0.057,SOBRESALIENTE
121114,ARAUCANÍA SUR,5966,53.7,1.107,1.148,-0.041,ALERTA_ESTANCIA
113150,METROPOLITANO SUR,5573,76.5,0.804,0.849,-0.045,SOBRESALIENTE
116110,DEL MAULE,4817,72.8,0.698,0.73,-0.032,SOBRESALIENTE
106102,VALPARAISO SAN ANTONIO,4779,76.0,0.973,0.992,-0.019,ALTA_SUPERVIVENCIA
121110,ARAUCANÍA SUR,4694,69.5,0.809,0.884,-0.075,SOBRESALIENTE
116111,DEL MAULE,4682,85.6,0.853,0.876,-0.023,SOBRESALIENTE
110110,METROPOLITANO NORTE,4421,17.5,0.662,0.554,0.108,SOBRESALIENTE
119102,CONCEPCIÓN,4157,61.7,0.761,0.831,-0.07,SOBRESALIENTE
119101,TALCAHUANO,4042,68.0,0.83,0.88,-0.05,SOBRESALIENTE
112103,METROPOLITANO CENTRAL,3951,129.4,1.019,0.804,0.215,ALERTA_MORTALIDAD
121117,ARAUCANÍA SUR,3897,77.1,0.812,0.868,-0.056,SOBRESALIENTE
112104,METROPOLITANO CENTRAL,3560,35.0,0.816,0.562,0.253,SOBRESALIENTE
116107,DEL MAULE,3204,80.5,0.581,0.63,-0.048,SOBRESALIENTE
