feature,importance_gain,importance_split
CIE10_3C,2068975.6298027039,7210
SCORE_VANWALRAVEN,737562.1381180286,1001
EDAD_ANIOS,574329.1106171608,1698
TIPO_INGRESO,559329.9235272408,160
GRUPO_CLINICO,194155.72580432892,666
N_COMORB_ELIX,143834.62789845467,408
PROCEDENCIA_AGR,65600.80904746056,381
ELIX_25,62129.358021736145,238
ELIX_22,30205.665478229523,205
DIAS_DESDE_EGRESO_PREVIO,17414.78587412834,888
ELIX_06,11613.515478134155,164
ELIX_15,11318.825096607208,144
MES_INGRESO,10570.07333111763,477
PREVISION,10546.923345565796,299
ELIX_24,8398.60051894188,124
ELIX_02,6325.022652626038,152
ELIX_10,5867.7717163562775,126
ELIX_04,5810.286047935486,141
ELIX_01,4802.5643265247345,121
ELIX_23,4559.942415475845,131
N_EGRESOS_12M,3387.4935755729675,250
SEXO,3356.986547231674,134
ELIX_13,3214.399664402008,100
ELIX_19,3041.638105869293,64
ELIX_14,2351.612333536148,110
HISTORIA_DISPONIBLE,2271.827446937561,131
DIA_SEMANA_INGRESO,2265.645177602768,222
ELIX_03,2165.812704563141,88
ELIX_17,1864.4038944244385,60
ELIX_20,1835.600415468216,95
ELIX_08,1404.0810260772705,62
ELIX_09,1255.8710265159607,76
ELIX_21,1127.7780129909515,75
ELIX_28,1047.8963301181793,57
ELIX_29,1040.078384399414,61
ELIX_30,722.3089096546173,44
ELIX_05,651.914067029953,54
ELIX_31,562.7869596481323,40
ELIX_07,559.2069020271301,48
ES_FIN_SEMANA,321.7089014053345,24
ELIX_27,214.76169157028198,22
ELIX_18,27.50800085067749,3
ELIX_16,0.0,0
ELIX_12,0.0,0
ELIX_11,0.0,0
ELIX_26,0.0,0
