anio,COD_HOSPITAL,SERVICIO_SALUD,n_episodios_totales,n_episodios_mortalidad,muertes_observadas,muertes_esperadas,HSMR,HSMR_IC95_INF,HSMR_IC95_SUP,n_episodios_estancia,estancia_dias_observada_media,estancia_dias_esperada_ml_media,estancia_dias_esperada_fonasa_media,IEMC_ML,IEMC_FONASA,diferencia_IEMC_ML_FONASA,clasificacion_desempeno
2019,114101,METROPOLITANO SURORIENTE,55726,47567,874,1126.4,77.6,72.5,82.8,27794,6.28,6.78,6.53,0.926,0.961,-0.035,SOBRESALIENTE
2019,106100,VALPARAISO SAN ANTONIO,42027,35701,824,626.7,131.5,122.7,140.6,15756,6.95,6.81,6.68,1.02,1.04,-0.019,ALERTA_MORTALIDAD
2019,118100,CONCEPCIÓN,40134,35105,1149,1107.7,103.7,97.8,109.8,27304,7.31,6.95,6.94,1.052,1.053,-0.001,ALERTA_ESTANCIA
2019,109100,METROPOLITANO NORTE,35921,27005,1428,943.2,151.4,143.6,159.3,18007,7.36,6.94,6.29,1.06,1.169,-0.109,ALERTA_CRITICA
2019,121109,ARAUCANÍA SUR,35091,28249,705,633.1,111.4,103.3,119.7,23283,7.25,6.59,6.48,1.1,1.119,-0.019,ALERTA_CRITICA
2019,113100,METROPOLITANO SUR,34154,28111,1502,1459.1,102.9,97.8,108.2,21428,9.42,7.68,6.89,1.227,1.367,-0.14,ALERTA_ESTANCIA
2019,110100,METROPOLITANO OCCIDENTE,33623,28903,1115,1010.7,110.3,103.9,116.9,21219,6.99,6.84,6.54,1.022,1.068,-0.047,ALERTA_MORTALIDAD
2019,120101,BIOBIO,33189,28106,460,696.5,66.0,60.1,72.2,21846,5.6,6.24,6.17,0.897,0.907,-0.01,SOBRESALIENTE
2019,116105,DEL MAULE,31863,27139,789,718.3,109.8,102.3,117.6,20569,6.69,6.7,6.95,0.999,0.962,0.037,PROMEDIO_ESPERADO
2019,107100,VIÑA DEL MAR QUILLOTA,31082,26554,796,756.0,105.3,98.1,112.7,16611,6.41,7.46,7.45,0.86,0.861,-0.001,ALTA_EFICIENCIA
2019,115100,LIBERTADOR B. O HIGGINS,30812,25177,924,676.9,136.5,127.9,145.5,16944,6.82,6.77,6.43,1.007,1.06,-0.053,ALERTA_MORTALIDAD
2019,124105,DEL RELONCAVÍ,30493,26362,794,872.1,91.0,84.8,97.5,20451,6.73,7.17,6.88,0.939,0.979,-0.04,ALTA_EFICIENCIA
2019,111100,METROPOLITANO CENTRAL,28474,22588,188,155.9,120.6,103.9,138.4,16572,5.91,5.16,6.06,1.146,0.975,0.17,ALERTA_CRITICA
2019,117101,ÑUBLE,26333,22019,841,804.8,104.5,97.6,111.7,15691,7.82,7.23,6.47,1.081,1.208,-0.127,ALERTA_ESTANCIA
2019,119100,TALCAHUANO,25574,22542,848,804.2,105.4,98.5,112.7,18554,5.53,6.4,6.43,0.863,0.859,0.004,ALTA_EFICIENCIA
2019,111101,METROPOLITANO CENTRAL,25190,21357,870,889.2,97.8,91.4,104.4,14631,6.68,7.49,6.84,0.893,0.977,-0.084,ALTA_EFICIENCIA
2019,122100,VALDIVIA,25068,22488,480,558.9,85.9,78.4,93.7,17400,6.05,6.52,6.39,0.928,0.948,-0.02,SOBRESALIENTE
2019,103100,ANTOFAGASTA,23571,19980,727,573.5,126.8,117.7,136.1,14983,8.36,6.69,6.56,1.249,1.274,-0.025,ALERTA_CRITICA
2019,112100,METROPOLITANO ORIENTE,22532,21193,878,805.8,109.0,101.9,116.3,10935,9.57,9.77,8.41,0.98,1.137,-0.158,PROMEDIO_ESPERADO
2019,102100,IQUIQUE,22248,18977,459,472.0,97.2,88.5,106.3,14055,6.51,6.77,6.21,0.963,1.049,-0.086,PROMEDIO_ESPERADO
2019,123100,OSORNO,22229,19846,505,567.9,88.9,81.3,96.8,15228,5.83,6.82,6.1,0.855,0.956,-0.101,SOBRESALIENTE
2019,116100,DEL MAULE,20724,16517,594,444.2,133.7,123.2,144.7,11149,5.88,6.18,5.86,0.951,1.004,-0.053,ALERTA_MORTALIDAD
2019,110120,METROPOLITANO OCCIDENTE,20658,16801,268,353.2,75.9,67.1,85.2,13640,5.95,5.97,5.86,0.996,1.015,-0.019,ALTA_SUPERVIVENCIA
2019,114103,METROPOLITANO SURORIENTE,20552,17047,337,504.0,66.9,59.9,74.2,13148,6.27,6.42,5.84,0.977,1.074,-0.097,ALTA_SUPERVIVENCIA
2019,114105,METROPOLITANO SURORIENTE,20232,17304,591,698.9,84.6,77.9,91.5,12139,8.12,7.67,6.92,1.059,1.174,-0.115,ALERTA_ESTANCIA
2019,101100,ARICA,19727,17239,452,478.8,94.4,85.9,103.3,13494,5.81,6.41,6.08,0.908,0.957,-0.049,ALTA_EFICIENCIA
2019,105101,COQUIMBO,19255,16262,532,495.7,107.3,98.4,116.6,10495,7.2,7.12,7.31,1.011,0.985,0.026,PROMEDIO_ESPERADO
2019,112101,METROPOLITANO ORIENTE,18797,13956,499,518.9,96.2,87.9,104.8,11004,5.15,6.15,5.54,0.837,0.93,-0.093,ALTA_EFICIENCIA
2019,105100,COQUIMBO,18580,15036,454,443.5,102.4,93.2,112.0,9386,6.78,6.18,6.03,1.097,1.124,-0.028,ALERTA_ESTANCIA
2019,113180,METROPOLITANO SUR,16588,12070,564,500.1,112.8,103.7,122.3,9159,7.01,6.48,6.17,1.081,1.137,-0.056,ALERTA_CRITICA
2019,116108,DEL MAULE,16235,13514,500,529.2,94.5,86.4,103.0,10197,5.29,6.21,5.69,0.852,0.93,-0.078,ALTA_EFICIENCIA
2019,104100,ATACAMA,13862,11075,330,306.0,107.8,96.5,119.8,9285,8.19,6.8,5.84,1.204,1.401,-0.198,ALERTA_ESTANCIA
2019,126100,MAGALLANES,13476,12336,399,447.2,89.2,80.7,98.2,9840,8.26,7.37,7.15,1.119,1.154,-0.035,ALERTA_ESTANCIA
2019,112102,VIÑA DEL MAR QUILLOTA,13216,12658,42,38.4,109.5,78.9,145.0,6696,5.83,5.61,7.4,1.04,0.788,0.252,PROMEDIO_ESPERADO
2019,107101,VIÑA DEL MAR QUILLOTA,13207,10816,379,308.3,123.0,110.9,135.6,7123,7.37,6.89,5.85,1.069,1.26,-0.191,ALERTA_CRITICA
2019,108100,ACONCAGUA,13060,10921,371,351.6,105.5,95.1,116.5,7646,5.64,5.92,5.76,0.953,0.979,-0.026,PROMEDIO_ESPERADO
2019,105102,COQUIMBO,12859,10629,279,273.6,102.0,90.3,114.3,6387,5.57,5.9,5.29,0.944,1.053,-0.109,ALTA_EFICIENCIA
2019,111195,METROPOLITANO CENTRAL,11282,9898,768,729.4,105.3,98.0,112.9,8261,8.3,8.53,8.11,0.972,1.023,-0.05,PROMEDIO_ESPERADO
2019,107102,VIÑA DEL MAR QUILLOTA,11108,8810,346,216.5,159.8,143.4,177.1,5226,5.85,6.34,5.82,0.922,1.005,-0.083,ALERTA_MORTALIDAD
2019,115107,LIBERTADOR B. O HIGGINS,10805,8937,215,242.7,88.6,77.2,100.8,6604,5.51,5.79,5.95,0.951,0.925,0.026,ALTA_SUPERVIVENCIA
2019,109101,METROPOLITANO NORTE,10561,10221,46,48.6,94.6,69.2,123.8,7845,5.63,5.87,7.03,0.959,0.801,0.158,PROMEDIO_ESPERADO
2019,133150,CHILOÉ,10357,8652,150,160.0,93.7,79.3,109.3,5185,5.3,6.26,6.13,0.846,0.864,-0.018,ALTA_EFICIENCIA
2019,113130,METROPOLITANO SUR,10229,10053,22,29.1,75.5,47.3,110.2,6947,5.97,5.87,7.04,1.017,0.848,0.169,ALTA_SUPERVIVENCIA
2019,125100,AYSEN,9689,8332,128,182.3,70.2,58.6,82.9,6844,4.5,5.88,6.53,0.764,0.688,0.076,SOBRESALIENTE
2019,108101,ACONCAGUA,9652,8582,223,267.4,83.4,72.8,94.7,7423,5.88,5.89,6.17,0.998,0.952,0.046,ALTA_SUPERVIVENCIA
2019,103101,ANTOFAGASTA,9501,7968,205,218.8,93.7,81.3,106.9,6875,5.45,5.87,5.47,0.928,0.995,-0.067,ALTA_EFICIENCIA
2019,106103,VALPARAISO SAN ANTONIO,9089,7524,329,332.9,98.8,88.4,109.8,5852,6.78,7.0,6.06,0.969,1.119,-0.15,PROMEDIO_ESPERADO
2019,129100,ARAUCANÍA NORTE,9078,7841,249,295.2,84.3,74.2,95.1,6105,5.3,6.01,5.34,0.883,0.993,-0.11,SOBRESALIENTE
2019,117102,ÑUBLE,8703,7716,175,290.8,60.2,51.6,69.4,5717,4.94,6.37,5.37,0.775,0.92,-0.145,SOBRESALIENTE
2019,129106,ARAUCANÍA NORTE,8529,7051,154,209.0,73.7,62.5,85.8,5566,6.48,6.22,5.64,1.043,1.15,-0.107,ALTA_SUPERVIVENCIA
2019,115110,LIBERTADOR B. O HIGGINS,8018,6563,133,130.9,101.6,85.0,119.6,4071,4.07,5.84,5.68,0.696,0.716,-0.02,ALTA_EFICIENCIA
2019,110150,METROPOLITANO OCCIDENTE,7867,5593,198,180.4,109.8,95.0,125.6,4335,6.45,5.62,5.05,1.147,1.278,-0.131,ALERTA_ESTANCIA
2019,112103,METROPOLITANO ORIENTE,7529,6671,191,224.7,85.0,73.4,97.5,4077,8.7,8.93,9.57,0.975,0.909,0.066,ALTA_SUPERVIVENCIA
2019,118105,CONCEPCIÓN,7213,5775,231,280.8,82.3,72.0,93.2,4980,5.49,6.03,5.32,0.911,1.032,-0.121,SOBRESALIENTE
2019,121114,ARAUCANÍA SUR,6939,6311,194,204.3,95.0,82.1,108.8,4454,6.83,6.97,6.14,0.98,1.113,-0.133,PROMEDIO_ESPERADO
2019,121110,ARAUCANÍA SUR,6701,6280,101,169.2,59.7,48.6,71.9,2839,6.3,6.63,5.94,0.951,1.062,-0.111,ALTA_SUPERVIVENCIA
2019,110130,METROPOLITANO OCCIDENTE,6686,4570,149,177.5,83.9,71.0,98.0,4070,6.05,5.62,5.21,1.076,1.161,-0.085,ALERTA_ESTANCIA
2019,128109,ARAUCO,6664,4977,92,137.7,66.8,53.9,81.1,4332,4.46,5.67,5.17,0.786,0.862,-0.075,SOBRESALIENTE
2019,113150,METROPOLITANO SUR,6241,4910,186,186.9,99.5,85.7,114.3,3797,4.65,5.46,4.92,0.852,0.945,-0.093,ALTA_EFICIENCIA
2019,106102,VALPARAISO SAN ANTONIO,6126,5601,210,326.5,64.3,55.9,73.3,4715,9.89,8.85,7.56,1.118,1.309,-0.191,ALERTA_ESTANCIA
2019,121117,ARAUCANÍA SUR,6104,5542,91,176.7,51.5,41.5,62.6,2482,5.65,8.13,6.76,0.695,0.836,-0.14,SOBRESALIENTE
2019,104103,ATACAMA,5720,5075,162,161.0,100.6,85.7,116.7,4357,5.16,5.99,5.72,0.861,0.902,-0.041,ALTA_EFICIENCIA
2019,121121,ARAUCANÍA SUR,5293,4273,121,150.0,80.7,66.9,95.7,3603,3.74,5.9,5.54,0.633,0.674,-0.041,SOBRESALIENTE
2019,116110,DEL MAULE,5242,4529,144,236.7,60.8,51.3,71.2,3663,4.09,6.63,6.01,0.616,0.68,-0.064,SOBRESALIENTE
2019,112104,METROPOLITANO NORTE,4187,4037,47,94.3,49.9,36.6,65.1,3559,6.25,7.47,9.65,0.837,0.648,0.189,SOBRESALIENTE
2020,114101,METROPOLITANO SURORIENTE,37040,30795,1200,1335.3,89.9,84.9,95.0,21194,6.5,7.31,7.54,0.889,0.862,0.028,SOBRESALIENTE
2020,113100,METROPOLITANO SUR,28653,23002,2080,1771.0,117.4,112.5,122.5,17788,9.03,7.98,7.56,1.131,1.194,-0.063,ALERTA_CRITICA
2020,116105,DEL MAULE,25321,21371,697,728.0,95.7,88.8,103.0,16592,7.43,7.08,7.66,1.05,0.97,0.08,PROMEDIO_ESPERADO
2020,109100,METROPOLITANO NORTE,24903,17851,1270,924.7,137.3,129.9,145.0,13459,8.45,7.17,6.98,1.179,1.211,-0.032,ALERTA_CRITICA
2020,118100,CONCEPCIÓN,24660,20517,934,865.1,108.0,101.1,115.0,16756,8.06,7.25,7.58,1.112,1.063,0.049,ALERTA_ESTANCIA
2020,121109,ARAUCANÍA SUR,23380,18346,546,547.9,99.7,91.5,108.2,14941,8.14,6.86,6.92,1.186,1.176,0.01,ALERTA_ESTANCIA
2020,115100,LIBERTADOR B. O HIGGINS,22510,17991,872,774.5,112.6,105.2,120.2,13168,6.78,7.56,7.37,0.897,0.919,-0.023,ALERTA_MORTALIDAD
2020,120101,BIOBIO,22176,18226,378,518.8,72.9,65.7,80.4,14729,6.41,6.58,6.7,0.975,0.957,0.018,ALTA_SUPERVIVENCIA
2020,124105,OSORNO,21909,18401,703,858.4,81.9,76.0,88.1,15285,8.07,7.73,7.63,1.044,1.057,-0.014,ALTA_SUPERVIVENCIA
2020,110100,METROPOLITANO CENTRAL,20057,17493,737,808.0,91.2,84.7,97.9,12787,8.34,7.59,7.97,1.098,1.046,0.052,ALERTA_ESTANCIA
2020,103100,ANTOFAGASTA,18513,15301,814,626.6,129.9,121.1,139.0,12412,9.05,6.81,7.49,1.329,1.209,0.12,ALERTA_CRITICA
2020,111100,METROPOLITANO CENTRAL,18041,13409,245,204.8,119.6,105.1,135.1,9904,7.13,5.65,6.87,1.262,1.038,0.225,ALERTA_CRITICA
2020,117101,ÑUBLE,17470,13730,693,673.2,102.9,95.4,110.7,11160,7.71,7.36,7.13,1.048,1.082,-0.034,PROMEDIO_ESPERADO
2020,102100,IQUIQUE,17306,14407,629,600.8,104.7,96.7,113.0,11625,6.32,7.07,6.88,0.894,0.918,-0.024,ALTA_EFICIENCIA
2020,107100,VIÑA DEL MAR QUILLOTA,17193,14043,646,663.1,97.4,90.1,105.1,12113,7.89,7.58,7.92,1.041,0.997,0.044,PROMEDIO_ESPERADO
2020,122100,VALDIVIA,16982,14822,443,534.1,82.9,75.4,90.8,12138,7.16,6.97,7.16,1.028,1.001,0.027,ALTA_SUPERVIVENCIA
2020,119100,TALCAHUANO,16900,13997,673,735.6,91.5,84.7,98.5,11631,6.41,7.08,7.18,0.906,0.894,0.012,ALTA_EFICIENCIA
2020,111101,METROPOLITANO CENTRAL,16559,12471,893,899.2,99.3,92.9,105.9,9584,7.46,7.71,7.3,0.968,1.022,-0.054,PROMEDIO_ESPERADO
2020,110120,METROPOLITANO OCCIDENTE,15800,12416,762,668.1,114.1,106.1,122.3,10427,7.79,6.9,6.8,1.13,1.147,-0.017,ALERTA_CRITICA
2020,114103,METROPOLITANO SURORIENTE,15592,12313,703,624.3,112.6,104.4,121.1,8945,6.32,6.74,6.69,0.938,0.945,-0.007,ALERTA_MORTALIDAD
2020,114105,METROPOLITANO SURORIENTE,15365,12678,846,903.4,93.6,87.4,100.1,9433,8.92,8.38,7.97,1.065,1.119,-0.055,ALERTA_ESTANCIA
2020,112100,METROPOLITANO ORIENTE,15284,13554,858,691.6,124.1,115.9,132.5,7468,9.85,9.6,9.12,1.026,1.08,-0.054,ALERTA_MORTALIDAD
2020,101100,ARICA,15212,12787,563,529.6,106.3,97.7,115.3,10343,6.3,7.05,6.89,0.894,0.915,-0.021,ALTA_EFICIENCIA
2020,123100,OSORNO,14575,12812,398,468.6,84.9,76.8,93.5,11005,6.48,6.87,6.68,0.943,0.971,-0.028,SOBRESALIENTE
2020,112101,METROPOLITANO ORIENTE,14410,10559,691,725.6,95.2,88.3,102.5,8611,6.05,6.85,6.38,0.883,0.948,-0.065,ALTA_EFICIENCIA
2020,105101,COQUIMBO,13748,11275,422,421.2,100.2,90.9,110.0,8741,8.03,7.33,7.88,1.096,1.019,0.077,ALERTA_ESTANCIA
2020,106100,VALPARAISO SAN ANTONIO,13553,11134,486,495.9,98.0,89.5,106.9,8975,8.69,7.46,7.55,1.164,1.15,0.014,ALERTA_ESTANCIA
2020,116100,DEL MAULE,13409,10337,482,474.6,101.6,92.7,110.8,7696,6.93,7.23,6.94,0.959,0.999,-0.04,PROMEDIO_ESPERADO
2020,113180,METROPOLITANO SUR,13385,9127,645,527.2,122.3,113.1,132.0,6498,7.66,6.91,7.0,1.109,1.095,0.014,ALERTA_CRITICA
2020,105100,COQUIMBO,12393,9683,423,441.7,95.8,86.9,105.1,7277,7.1,6.59,6.53,1.078,1.088,-0.01,ALERTA_ESTANCIA
2020,116108,DEL MAULE,11338,9033,411,398.4,103.2,93.4,113.4,7063,6.04,6.35,6.44,0.952,0.938,0.014,PROMEDIO_ESPERADO
2020,104100,ATACAMA,10900,8488,363,368.3,98.6,88.7,109.0,7355,8.1,7.26,6.75,1.116,1.2,-0.084,ALERTA_ESTANCIA
2020,108100,ACONCAGUA,9446,7355,396,368.7,107.4,97.1,118.2,5673,6.15,6.65,6.65,0.924,0.925,-0.001,ALTA_EFICIENCIA
2020,103101,ANTOFAGASTA,9077,7408,455,437.3,104.0,94.7,113.8,6285,6.12,6.8,6.45,0.899,0.948,-0.049,ALTA_EFICIENCIA
2020,126100,MAGALLANES,8841,7735,338,432.0,78.2,70.1,86.8,6278,8.78,8.12,8.19,1.081,1.072,0.009,ALERTA_ESTANCIA
2020,111195,METROPOLITANO CENTRAL,8807,8083,721,757.5,95.2,88.4,102.3,7077,9.63,9.2,9.97,1.047,0.966,0.081,PROMEDIO_ESPERADO
2020,107101,VIÑA DEL MAR QUILLOTA,8762,6994,314,264.3,118.8,106.0,132.3,5471,7.86,7.17,6.53,1.096,1.203,-0.107,ALERTA_CRITICA
2020,105102,COQUIMBO,7982,5977,323,294.3,109.7,98.1,122.0,4470,6.77,6.69,6.37,1.012,1.064,-0.051,PROMEDIO_ESPERADO
2020,125100,AYSEN,7384,5987,130,177.6,73.2,61.2,86.3,4895,4.52,6.03,7.17,0.749,0.63,0.119,SOBRESALIENTE
2020,121114,ARAUCANÍA SUR,7214,6046,244,321.1,76.0,66.8,85.8,4866,7.49,8.3,6.95,0.902,1.078,-0.176,SOBRESALIENTE
2020,108101,ACONCAGUA,7052,6184,272,325.3,83.6,74.0,93.9,5432,6.44,6.81,6.57,0.946,0.981,-0.035,SOBRESALIENTE
2020,107102,VIÑA DEL MAR QUILLOTA,6996,4921,251,153.8,163.2,143.6,184.0,3465,5.88,5.9,5.72,0.996,1.029,-0.033,ALERTA_MORTALIDAD
2020,115107,LIBERTADOR B. O HIGGINS,6645,5341,205,269.4,76.1,66.0,86.8,4346,6.43,7.05,7.39,0.913,0.87,0.042,SOBRESALIENTE
2020,110150,METROPOLITANO OCCIDENTE,6443,4444,275,278.7,98.7,87.4,110.7,3589,6.55,6.15,5.62,1.066,1.166,-0.101,ALERTA_ESTANCIA
2020,129100,ARAUCANÍA NORTE,6378,5364,227,345.5,65.7,57.4,74.5,4364,6.46,7.51,6.64,0.86,0.973,-0.112,SOBRESALIENTE
2020,117102,ÑUBLE,6357,5461,169,290.7,58.1,49.7,67.2,4447,5.03,7.11,6.22,0.707,0.809,-0.102,SOBRESALIENTE
2020,133150,CHILOÉ,6348,4727,133,161.8,82.2,68.8,96.8,3894,5.68,6.98,6.8,0.814,0.834,-0.021,SOBRESALIENTE
2020,112102,DEL MAULE,6093,5540,31,28.4,109.2,74.2,150.9,3892,7.67,6.45,8.5,1.188,0.902,0.286,ALERTA_ESTANCIA
2020,106103,VALPARAISO SAN ANTONIO,5903,4488,317,280.0,113.2,101.1,126.0,3639,8.28,7.33,6.72,1.13,1.231,-0.102,ALERTA_CRITICA
2020,113130,METROPOLITANO SURORIENTE,5788,5693,22,29.8,73.8,46.2,107.7,4553,6.5,6.48,7.66,1.003,0.849,0.154,ALTA_SUPERVIVENCIA
2020,129106,ARAUCANÍA NORTE,5588,4428,151,199.6,75.7,64.1,88.2,3699,7.09,6.76,6.53,1.049,1.086,-0.037,ALTA_SUPERVIVENCIA
2020,128109,ARAUCO,5574,3520,125,138.4,90.3,75.2,106.8,3065,5.05,6.3,5.93,0.802,0.852,-0.051,ALTA_EFICIENCIA
2020,109101,METROPOLITANO NORTE,5572,5296,34,41.8,81.3,56.3,110.8,4144,6.79,6.42,7.83,1.057,0.867,0.191,ALERTA_ESTANCIA
2020,115110,LIBERTADOR B. O HIGGINS,5492,4167,124,143.7,86.3,71.8,102.1,2862,4.13,6.54,6.66,0.632,0.62,0.012,SOBRESALIENTE
2020,118105,CONCEPCIÓN,5347,3802,217,273.5,79.3,69.1,90.2,3259,5.07,6.9,6.1,0.734,0.831,-0.096,SOBRESALIENTE
2020,110130,METROPOLITANO OCCIDENTE,5094,3463,195,194.2,100.4,86.8,115.0,3077,6.97,6.23,6.56,1.119,1.064,0.055,ALERTA_ESTANCIA
2020,104103,ATACAMA,4521,3934,164,168.4,97.4,83.0,112.8,3473,5.05,6.39,6.27,0.791,0.806,-0.015,ALTA_EFICIENCIA
2020,113150,METROPOLITANO SUR,4296,3048,222,181.3,122.4,106.8,139.0,2258,4.9,6.03,5.69,0.812,0.86,-0.048,ALERTA_MORTALIDAD
2020,106102,VALPARAISO SAN ANTONIO,3959,3487,245,285.4,85.9,75.4,96.9,2879,10.71,9.46,8.64,1.132,1.24,-0.108,ALERTA_ESTANCIA
2020,121110,ARAUCANÍA SUR,3861,3290,87,127.9,68.0,54.5,83.0,1956,6.69,7.41,6.62,0.903,1.01,-0.107,SOBRESALIENTE
2020,121121,ARAUCANÍA SUR,3843,3016,55,94.4,58.2,43.9,74.6,2362,4.65,6.42,5.93,0.724,0.785,-0.06,SOBRESALIENTE
2020,121117,ARAUCANÍA SUR,3742,3213,97,158.4,61.2,49.7,74.0,2082,5.71,8.49,7.38,0.672,0.774,-0.102,SOBRESALIENTE
2020,116110,DEL MAULE,3671,2889,157,184.1,85.3,72.4,99.1,2527,4.27,6.74,6.42,0.633,0.665,-0.031,SOBRESALIENTE
2020,112103,METROPOLITANO NORTE,2853,2748,193,148.5,130.0,112.3,148.9,2219,11.48,9.29,11.41,1.236,1.006,0.23,ALERTA_CRITICA
2020,112104,METROPOLITANO ORIENTE,2446,2345,36,80.5,44.7,31.3,60.5,2059,8.89,8.88,11.14,1.001,0.798,0.203,ALTA_SUPERVIVENCIA
2021,114101,METROPOLITANO SURORIENTE,44842,37286,1177,1347.5,87.3,82.4,92.4,23144,6.18,7.35,7.74,0.841,0.798,0.043,SOBRESALIENTE
2021,118100,ARAUCO,28853,25051,952,1044.8,91.1,85.4,97.0,19727,8.46,7.59,8.11,1.114,1.044,0.071,ALERTA_ESTANCIA
2021,113100,METROPOLITANO SUR,27955,22682,1662,1362.4,122.0,116.2,127.9,17231,8.82,8.09,7.79,1.09,1.132,-0.041,ALERTA_CRITICA
2021,116105,DEL MAULE,25610,21971,839,894.6,93.8,87.5,100.2,16734,8.03,7.8,8.3,1.029,0.967,0.062,PROMEDIO_ESPERADO
2021,109100,METROPOLITANO NORTE,24947,19401,1354,935.0,144.8,137.2,152.6,14281,8.45,7.3,7.38,1.156,1.145,0.011,ALERTA_CRITICA
2021,121109,ARAUCANÍA SUR,23462,20152,624,654.9,95.3,88.0,102.9,16783,8.68,7.23,7.38,1.201,1.175,0.025,ALERTA_ESTANCIA
2021,124105,DEL RELONCAVÍ,22869,19275,1005,1072.8,93.7,88.0,99.6,15927,9.06,8.1,8.09,1.119,1.119,-0.001,ALERTA_ESTANCIA
2021,115100,LIBERTADOR B. O HIGGINS,22827,18023,1120,874.5,128.1,120.7,135.7,12775,6.81,8.15,8.06,0.836,0.845,-0.009,ALERTA_MORTALIDAD
2021,120101,BIOBIO,22697,19280,520,579.3,89.8,82.2,97.6,15741,7.07,6.84,7.33,1.034,0.965,0.07,ALTA_SUPERVIVENCIA
2021,110100,METROPOLITANO OCCIDENTE,20983,18349,634,762.1,83.2,76.8,89.8,13373,8.1,7.5,8.19,1.08,0.988,0.092,ALERTA_ESTANCIA
2021,103100,ANTOFAGASTA,20137,16998,865,678.4,127.5,119.2,136.1,13687,8.9,6.97,7.79,1.278,1.142,0.136,ALERTA_CRITICA
2021,110120,METROPOLITANO CENTRAL,19263,15398,991,810.5,122.3,114.8,130.0,12822,8.69,7.08,7.32,1.227,1.187,0.04,ALERTA_CRITICA
2021,117101,ÑUBLE,19128,15461,694,654.5,106.0,98.3,114.1,11727,7.49,7.29,7.3,1.027,1.026,0.001,PROMEDIO_ESPERADO
2021,102100,IQUIQUE,17903,15021,767,676.4,113.4,105.5,121.6,11604,7.69,7.56,7.73,1.017,0.995,0.022,ALERTA_MORTALIDAD
2021,111101,METROPOLITANO CENTRAL,17812,13132,949,765.2,124.0,116.3,132.0,9195,7.66,7.46,7.38,1.027,1.038,-0.011,ALERTA_MORTALIDAD
2021,119100,TALCAHUANO,17653,14780,730,709.5,102.9,95.6,110.5,11207,6.4,7.31,7.25,0.875,0.883,-0.007,ALTA_EFICIENCIA
2021,122100,VALDIVIA,17060,15152,612,618.8,98.9,91.2,106.9,11889,7.88,7.52,7.64,1.048,1.031,0.017,PROMEDIO_ESPERADO
2021,114105,METROPOLITANO SURORIENTE,17027,13260,773,729.2,106.0,98.7,113.6,9174,7.88,7.92,7.82,0.996,1.008,-0.013,PROMEDIO_ESPERADO
2021,101100,ARICA,16662,13982,663,529.1,125.3,115.9,135.0,10705,6.28,6.83,6.77,0.919,0.928,-0.009,ALERTA_MORTALIDAD
2021,107100,VIÑA DEL MAR QUILLOTA,16591,13966,685,751.8,91.1,84.4,98.1,12265,8.45,8.26,8.55,1.023,0.989,0.035,PROMEDIO_ESPERADO
2021,112100,METROPOLITANO ORIENTE,16171,14510,769,693.1,110.9,103.2,118.9,7444,10.13,10.14,10.07,0.999,1.006,-0.007,ALERTA_MORTALIDAD
2021,114103,METROPOLITANO SURORIENTE,15157,12001,462,502.0,92.0,83.8,100.6,9453,6.38,6.86,6.97,0.931,0.916,0.015,ALTA_EFICIENCIA
2021,123100,OSORNO,14800,12928,559,678.5,82.4,75.7,89.4,11124,7.23,7.79,7.85,0.928,0.921,0.007,SOBRESALIENTE
2021,106100,VALPARAISO SAN ANTONIO,14647,11664,728,759.5,95.9,89.0,102.9,9467,9.28,8.34,8.35,1.112,1.111,0.001,ALERTA_ESTANCIA
2021,105101,COQUIMBO,14627,12034,521,476.7,109.3,100.1,118.9,8541,8.58,7.83,8.67,1.095,0.99,0.105,ALERTA_ESTANCIA
2021,105100,COQUIMBO,14273,11805,469,465.5,100.7,91.8,110.1,8295,7.22,6.58,6.98,1.097,1.034,0.063,ALERTA_ESTANCIA
2021,112101,METROPOLITANO ORIENTE,14195,10793,703,682.3,103.0,95.6,110.8,8372,5.93,6.89,6.57,0.861,0.903,-0.042,ALTA_EFICIENCIA
2021,113180,METROPOLITANO SUR,13767,9584,505,382.0,132.2,120.9,144.0,6768,6.62,6.47,6.93,1.024,0.955,0.069,ALERTA_MORTALIDAD
2021,116100,DEL MAULE,12531,10168,559,560.1,99.8,91.7,108.2,7271,7.68,7.91,7.77,0.97,0.987,-0.017,PROMEDIO_ESPERADO
2021,104100,ATACAMA,11853,9579,477,406.2,117.4,107.1,128.2,7954,8.21,7.19,7.12,1.142,1.154,-0.012,ALERTA_CRITICA
2021,116108,DEL MAULE,11770,9598,464,377.0,123.1,112.1,134.5,6892,6.16,6.44,6.96,0.957,0.885,0.072,ALERTA_MORTALIDAD
2021,111195,METROPOLITANO CENTRAL,10467,9362,808,817.9,98.8,92.1,105.7,7799,9.54,9.42,10.88,1.013,0.877,0.135,PROMEDIO_ESPERADO
2021,126100,MAGALLANES,10428,9515,410,455.9,89.9,81.4,98.8,7573,7.92,7.59,8.19,1.044,0.966,0.077,ALTA_SUPERVIVENCIA
2021,108100,ACONCAGUA,9146,7360,429,391.9,109.5,99.4,120.1,5490,6.52,7.24,7.43,0.9,0.877,0.023,ALTA_EFICIENCIA
2021,111100,METROPOLITANO CENTRAL,9020,7180,132,155.6,84.9,71.0,99.9,4696,8.58,7.03,8.33,1.22,1.03,0.19,ALERTA_ESTANCIA
2021,103101,ANTOFAGASTA,8977,7222,367,382.1,96.1,86.5,106.1,6181,6.52,7.08,6.8,0.921,0.959,-0.037,ALTA_EFICIENCIA
2021,107101,VIÑA DEL MAR QUILLOTA,8477,6729,279,230.2,121.2,107.4,135.8,5454,8.74,7.43,7.15,1.177,1.222,-0.045,ALERTA_CRITICA
2021,129100,ARAUCANÍA NORTE,8338,7253,287,400.4,71.7,63.6,80.2,5342,7.35,7.83,7.88,0.938,0.932,0.006,SOBRESALIENTE
2021,105102,COQUIMBO,8287,6485,434,367.5,118.1,107.2,129.5,4763,8.01,7.5,7.42,1.067,1.079,-0.012,ALERTA_CRITICA
2021,112102,METROPOLITANO ORIENTE,8101,7572,37,33.4,110.9,78.1,149.4,5169,6.61,6.16,8.04,1.073,0.823,0.251,ALERTA_CRITICA
2021,113130,METROPOLITANO CENTRAL,7550,7340,28,34.1,82.1,54.6,115.3,5810,6.03,6.14,7.22,0.981,0.835,0.146,ALTA_SUPERVIVENCIA
2021,115107,LIBERTADOR B. O HIGGINS,7379,5939,251,243.0,103.3,90.9,116.5,4379,6.04,6.8,7.22,0.889,0.837,0.052,ALTA_EFICIENCIA
2021,125100,AYSEN,7352,5905,145,204.3,71.0,59.9,83.0,4882,4.83,6.37,7.85,0.757,0.615,0.143,SOBRESALIENTE
2021,108101,ACONCAGUA,7156,6343,286,312.7,91.5,81.2,102.4,5527,6.26,6.66,6.64,0.939,0.943,-0.004,ALTA_EFICIENCIA
2021,107102,VIÑA DEL MAR QUILLOTA,6993,5174,231,156.6,147.5,129.1,167.2,3603,5.92,6.09,6.1,0.972,0.969,0.003,ALERTA_MORTALIDAD
2021,117102,ÑUBLE,6889,6207,251,372.6,67.4,59.3,76.0,4634,5.9,7.9,7.1,0.747,0.831,-0.084,SOBRESALIENTE
2021,106103,VALPARAISO SAN ANTONIO,6870,5330,328,391.6,83.8,74.9,93.1,4133,8.48,8.34,7.55,1.017,1.123,-0.105,ALTA_SUPERVIVENCIA
2021,110150,METROPOLITANO OCCIDENTE,6752,4772,248,252.3,98.3,86.4,110.9,3687,6.53,6.35,6.28,1.029,1.04,-0.011,PROMEDIO_ESPERADO
2021,133150,CHILOÉ,6720,5106,250,209.3,119.5,105.1,134.7,3695,5.5,7.22,7.54,0.762,0.729,0.033,ALERTA_MORTALIDAD
2021,129106,ARAUCANÍA NORTE,6313,5225,221,269.7,81.9,71.5,93.1,4015,7.98,7.57,7.42,1.054,1.076,-0.022,ALERTA_ESTANCIA
2021,109101,METROPOLITANO NORTE,6305,6027,41,39.3,104.3,74.8,138.6,4788,7.37,6.46,7.66,1.141,0.963,0.178,ALERTA_ESTANCIA
2021,115110,LIBERTADOR B. O HIGGINS,5793,4676,125,166.9,74.9,62.3,88.6,2885,4.73,7.26,7.63,0.651,0.62,0.032,SOBRESALIENTE
2021,110130,METROPOLITANO OCCIDENTE,5451,4182,245,266.7,91.8,80.7,103.7,3681,6.43,6.68,7.35,0.962,0.875,0.087,PROMEDIO_ESPERADO
2021,118105,CONCEPCIÓN,5349,4064,242,299.4,80.8,71.0,91.3,3290,5.49,7.1,6.32,0.773,0.869,-0.096,SOBRESALIENTE
2021,121114,ARAUCANÍA SUR,5032,4404,159,262.4,60.6,51.5,70.4,3379,8.52,9.1,7.87,0.937,1.082,-0.146,SOBRESALIENTE
2021,128109,ARAUCO,5018,3211,156,145.2,107.4,91.2,124.9,2733,5.88,6.6,6.32,0.891,0.931,-0.04,ALTA_EFICIENCIA
2021,113150,METROPOLITANO SUR,4869,3712,289,240.8,120.0,106.6,134.3,2752,5.28,6.4,5.8,0.826,0.91,-0.084,ALERTA_MORTALIDAD
2021,104103,ATACAMA,4778,4122,163,179.3,90.9,77.5,105.4,3346,5.27,6.73,6.46,0.782,0.815,-0.032,ALTA_EFICIENCIA
2021,121121,ARAUCANÍA SUR,4202,3405,53,92.6,57.2,42.9,73.6,2331,4.18,6.49,5.99,0.644,0.698,-0.054,SOBRESALIENTE
2021,116110,DEL MAULE,4107,3291,160,172.6,92.7,78.9,107.6,2804,4.09,6.43,6.21,0.637,0.659,-0.022,ALTA_EFICIENCIA
2021,121110,ARAUCANÍA SUR,3915,3439,94,133.9,70.2,56.7,85.1,1738,7.48,8.47,7.61,0.883,0.983,-0.1,SOBRESALIENTE
2021,106102,VALPARAISO SAN ANTONIO,3705,3311,191,244.6,78.1,67.4,89.6,2824,11.76,9.96,10.22,1.181,1.151,0.03,ALERTA_ESTANCIA
2021,121117,ARAUCANÍA SUR,3221,2755,98,139.7,70.2,57.0,84.7,1561,7.65,9.8,8.42,0.78,0.908,-0.128,SOBRESALIENTE
2021,112103,ATACAMA,3086,2970,201,182.3,110.3,95.6,126.0,2700,11.09,9.95,12.42,1.115,0.893,0.222,ALERTA_CRITICA
2021,112104,ACONCAGUA,2791,2690,37,83.9,44.1,31.1,59.4,2469,8.17,8.61,11.74,0.948,0.695,0.253,SOBRESALIENTE
2022,114101,METROPOLITANO SURORIENTE,47426,40272,1065,1188.2,89.6,84.3,95.1,25237,6.12,6.7,7.34,0.914,0.835,0.079,SOBRESALIENTE
2022,118100,CONCEPCIÓN,31167,27480,946,1063.0,89.0,83.4,94.8,21943,8.13,7.28,7.78,1.118,1.046,0.072,ALERTA_ESTANCIA
2022,116105,DEL MAULE,30292,25792,748,769.3,97.2,90.4,104.3,19254,7.1,6.7,7.68,1.059,0.924,0.135,ALERTA_ESTANCIA
2022,120101,BIOBIO,29101,25531,449,683.6,65.7,59.7,71.9,19758,6.4,6.47,7.08,0.989,0.903,0.086,ALTA_SUPERVIVENCIA
2022,109100,METROPOLITANO NORTE,28275,22750,965,858.7,112.4,105.4,119.6,15460,8.17,7.12,7.31,1.148,1.117,0.03,ALERTA_CRITICA
2022,113100,METROPOLITANO SURORIENTE,26801,21882,1257,1090.0,115.3,109.0,121.8,16444,8.54,7.68,7.83,1.111,1.091,0.02,ALERTA_CRITICA
2022,121109,ARAUCANÍA SUR,25842,23021,550,519.6,105.8,97.2,114.9,18518,7.91,6.47,6.96,1.221,1.136,0.086,ALERTA_ESTANCIA
2022,115100,LIBERTADOR B. O HIGGINS,25669,21380,879,782.0,112.4,105.1,120.0,15347,6.5,7.52,7.53,0.865,0.864,0.001,ALERTA_MORTALIDAD
2022,124105,DEL RELONCAVÍ,25088,21414,776,808.8,95.9,89.3,102.8,15975,8.3,7.6,7.85,1.092,1.057,0.035,ALERTA_ESTANCIA
2022,110100,METROPOLITANO OCCIDENTE,24255,21763,658,669.1,98.3,91.0,106.0,14940,7.68,7.04,7.75,1.091,0.99,0.1,ALERTA_ESTANCIA
2022,110120,METROPOLITANO OCCIDENTE,23848,19547,929,754.4,123.2,115.4,131.2,15207,7.47,6.75,6.95,1.106,1.075,0.031,ALERTA_CRITICA
2022,117101,ÑUBLE,22861,19283,633,632.9,100.0,92.4,108.0,12641,7.41,6.92,7.25,1.071,1.022,0.049,ALERTA_ESTANCIA
2022,119100,TALCAHUANO,21562,18812,624,678.7,91.9,84.9,99.3,14603,6.42,6.58,6.7,0.976,0.958,0.017,PROMEDIO_ESPERADO
2022,103100,ANTOFAGASTA,20590,17048,720,569.2,126.5,117.4,135.9,13014,8.85,6.87,7.48,1.289,1.183,0.106,ALERTA_CRITICA
2022,114105,METROPOLITANO SURORIENTE,20148,16424,627,673.5,93.1,86.0,100.5,10040,7.53,7.54,7.75,0.999,0.971,0.028,PROMEDIO_ESPERADO
2022,122100,VALDIVIA,19364,17345,490,542.1,90.4,82.6,98.6,13802,7.26,6.85,7.29,1.06,0.996,0.064,ALERTA_ESTANCIA
2022,102100,IQUIQUE,19358,15847,536,491.6,109.0,100.0,118.4,12321,7.27,6.93,7.27,1.049,1.0,0.049,PROMEDIO_ESPERADO
2022,107100,VIÑA DEL MAR QUILLOTA,19339,16257,514,531.9,96.6,88.5,105.2,12511,8.05,7.63,8.22,1.056,0.979,0.076,ALERTA_ESTANCIA
2022,114103,METROPOLITANO SURORIENTE,18696,15452,390,478.1,81.6,73.7,89.9,10689,6.23,6.74,7.21,0.925,0.865,0.06,SOBRESALIENTE
2022,111101,METROPOLITANO CENTRAL,18524,14085,789,746.7,105.7,98.4,113.2,10136,7.25,7.28,7.33,0.997,0.989,0.008,PROMEDIO_ESPERADO
2022,101100,ARICA,17972,15443,560,449.4,124.6,114.5,135.1,11622,6.04,6.51,6.61,0.928,0.914,0.014,ALERTA_MORTALIDAD
2022,111100,METROPOLITANO CENTRAL,17637,13244,118,116.9,101.0,83.6,120.0,9660,6.73,5.71,6.83,1.179,0.986,0.193,ALERTA_ESTANCIA
2022,106100,VALPARAISO SAN ANTONIO,17478,14178,641,611.6,104.8,96.8,113.1,10167,9.19,7.34,7.67,1.251,1.198,0.052,ALERTA_ESTANCIA
2022,123100,OSORNO,17260,15393,427,562.6,75.9,68.9,83.3,12564,6.68,7.07,7.19,0.944,0.928,0.016,SOBRESALIENTE
2022,112100,VALPARAISO SAN ANTONIO,17176,15743,579,600.9,96.4,88.7,104.4,7335,11.01,9.8,9.92,1.123,1.11,0.013,ALERTA_ESTANCIA
2022,112101,METROPOLITANO ORIENTE,16520,12441,543,516.3,105.2,96.5,114.2,9322,5.23,5.95,5.98,0.88,0.875,0.005,ALTA_EFICIENCIA
2022,116100,DEL MAULE,16260,13511,504,471.7,106.8,97.7,116.4,7749,7.65,7.03,7.22,1.089,1.06,0.029,ALERTA_ESTANCIA
2022,105101,COQUIMBO,16120,13544,406,440.3,92.2,83.5,101.4,9921,8.04,7.14,7.97,1.126,1.008,0.117,ALERTA_ESTANCIA
2022,105100,COQUIMBO,15382,12680,413,355.2,116.3,105.3,127.7,8745,7.08,5.99,6.52,1.181,1.086,0.095,ALERTA_CRITICA
2022,113180,METROPOLITANO SUR,15110,10481,471,378.1,124.6,113.6,136.1,7269,6.96,6.39,6.78,1.089,1.027,0.062,ALERTA_CRITICA
2022,116108,DEL MAULE,13663,11313,437,383.0,114.1,103.6,125.0,7803,5.63,6.0,6.43,0.939,0.876,0.062,ALERTA_MORTALIDAD
2022,104100,ATACAMA,12260,9851,374,334.5,111.8,100.8,123.4,8107,7.8,6.72,7.39,1.16,1.055,0.105,ALERTA_CRITICA
2022,126100,MAGALLANES,11395,10477,365,370.0,98.7,88.8,109.0,8100,7.73,6.95,7.89,1.112,0.98,0.132,ALERTA_ESTANCIA
2022,105102,COQUIMBO,11170,9327,359,339.3,105.8,95.1,117.0,5866,7.4,6.92,6.65,1.069,1.112,-0.043,ALERTA_ESTANCIA
2022,108100,ACONCAGUA,10871,9008,383,390.4,98.1,88.5,108.2,6538,5.89,6.49,6.71,0.908,0.878,0.029,ALTA_EFICIENCIA
2022,111195,METROPOLITANO CENTRAL,10682,9739,746,828.1,90.1,83.7,96.7,8091,10.01,9.28,10.02,1.078,0.999,0.079,ALERTA_ESTANCIA
2022,103101,ANTOFAGASTA,10483,8449,265,302.5,87.6,77.4,98.5,6684,5.67,6.17,6.29,0.918,0.902,0.016,SOBRESALIENTE
2022,129100,ARAUCANÍA NORTE,10139,9155,242,339.3,71.3,62.6,80.6,6835,6.39,6.57,6.5,0.972,0.984,-0.011,ALTA_SUPERVIVENCIA
2022,107101,VIÑA DEL MAR QUILLOTA,9354,7395,263,201.3,130.7,115.3,146.9,5785,8.56,7.18,6.82,1.191,1.254,-0.064,ALERTA_CRITICA
2022,115107,LIBERTADOR B. O HIGGINS,8911,7502,170,221.7,76.7,65.6,88.6,5281,5.65,6.25,6.62,0.904,0.853,0.05,SOBRESALIENTE
2022,113130,METROPOLITANO SUR,8770,8624,22,35.4,62.1,38.9,90.6,6677,5.6,5.93,7.51,0.944,0.746,0.198,SOBRESALIENTE
2022,125100,AYSEN,8369,7051,142,229.1,62.0,52.2,72.6,5700,4.78,6.22,7.55,0.768,0.633,0.135,SOBRESALIENTE
2022,112102,METROPOLITANO ORIENTE,8335,7788,50,38.5,129.8,96.3,168.2,5441,6.08,5.87,8.08,1.036,0.753,0.284,ALERTA_MORTALIDAD
2022,110150,METROPOLITANO OCCIDENTE,8260,6343,207,204.9,101.0,87.7,115.2,4706,5.16,5.41,5.52,0.954,0.935,0.019,PROMEDIO_ESPERADO
2022,107102,VIÑA DEL MAR QUILLOTA,8247,6569,150,138.5,108.3,91.7,126.3,4039,6.17,6.17,6.42,1.001,0.961,0.04,PROMEDIO_ESPERADO
2022,133150,CHILOÉ,8210,6628,217,228.9,94.8,82.6,107.8,4594,5.46,6.98,7.13,0.783,0.766,0.017,ALTA_EFICIENCIA
2022,117102,ÑUBLE,7894,7054,232,359.8,64.5,56.5,73.0,4733,6.01,7.45,6.78,0.807,0.885,-0.079,SOBRESALIENTE
2022,106103,VALPARAISO SAN ANTONIO,7885,6550,312,365.2,85.4,76.2,95.2,4412,8.3,7.37,6.85,1.127,1.213,-0.086,ALERTA_ESTANCIA
2022,108101,ACONCAGUA,7739,6899,288,312.7,92.1,81.8,103.0,5865,6.4,6.34,6.68,1.008,0.957,0.051,PROMEDIO_ESPERADO
2022,109101,ATACAMA,7657,7351,41,36.5,112.4,80.6,149.3,6150,6.57,6.12,8.01,1.073,0.819,0.254,ALERTA_CRITICA
2022,129106,ARAUCANÍA NORTE,7390,6152,190,228.0,83.3,71.9,95.6,4599,6.76,6.33,6.79,1.067,0.995,0.072,ALERTA_ESTANCIA
2022,115110,LIBERTADOR B. O HIGGINS,7338,6165,129,164.5,78.4,65.5,92.5,3480,4.04,6.74,6.78,0.6,0.597,0.003,SOBRESALIENTE
2022,118105,CONCEPCIÓN,6620,5267,250,293.7,85.1,74.9,96.0,3935,4.69,6.46,6.07,0.725,0.772,-0.047,SOBRESALIENTE
2022,128109,ARAUCO,6306,4512,189,185.6,101.8,87.8,116.9,3597,5.55,6.25,6.12,0.887,0.906,-0.019,ALTA_EFICIENCIA
2022,104103,ATACAMA,5735,5114,180,207.8,86.6,74.4,99.7,3879,5.1,6.28,6.53,0.812,0.781,0.031,SOBRESALIENTE
2022,113150,METROPOLITANO SUR,5673,4505,245,294.8,83.1,73.0,93.8,3498,5.51,6.52,6.08,0.845,0.905,-0.06,SOBRESALIENTE
2022,110130,METROPOLITANO OCCIDENTE,5561,4271,194,240.0,80.8,69.9,92.6,3820,5.86,6.21,6.53,0.943,0.897,0.046,SOBRESALIENTE
2022,121121,ARAUCANÍA SUR,5101,4162,83,128.6,64.5,51.4,79.2,2800,3.99,6.64,6.4,0.601,0.623,-0.022,SOBRESALIENTE
2022,121114,ARAUCANÍA SUR,4921,4393,144,223.9,64.3,54.2,75.2,3058,9.47,8.74,8.02,1.084,1.18,-0.097,ALERTA_ESTANCIA
2022,116110,DEL MAULE,4516,3620,173,216.1,80.0,68.6,92.4,3024,4.42,6.42,6.24,0.688,0.708,-0.02,SOBRESALIENTE
2022,121110,ARAUCANÍA SUR,4116,3644,132,141.4,93.4,78.1,110.0,1752,8.46,8.68,7.84,0.975,1.079,-0.104,PROMEDIO_ESPERADO
2022,106102,METROPOLITANO CENTRAL,4008,3529,176,226.1,77.8,66.8,89.7,2898,11.05,9.33,9.08,1.185,1.217,-0.032,ALERTA_ESTANCIA
2022,121117,ARAUCANÍA SUR,3512,3054,126,174.5,72.2,60.1,85.3,1737,7.27,9.55,8.63,0.761,0.842,-0.081,SOBRESALIENTE
2022,112104,METROPOLITANO ORIENTE,3409,3274,37,80.6,45.9,32.3,61.8,2614,7.44,8.09,11.36,0.919,0.655,0.264,SOBRESALIENTE
2022,112103,ATACAMA,3219,3117,158,125.3,126.1,107.2,146.5,2847,9.59,8.72,10.92,1.099,0.879,0.221,ALERTA_CRITICA
2023,114101,METROPOLITANO SURORIENTE,49653,41598,1027,1153.0,89.1,83.7,94.6,25356,5.9,6.85,7.44,0.861,0.793,0.068,SOBRESALIENTE
2023,118100,ARAUCANÍA NORTE,34144,30534,841,1038.7,81.0,75.6,86.5,24948,7.42,7.03,7.62,1.057,0.974,0.083,ALERTA_ESTANCIA
2023,116105,DEL MAULE,32148,27685,672,701.1,95.8,88.7,103.2,20675,6.92,6.49,7.54,1.066,0.917,0.149,ALERTA_ESTANCIA
2023,120101,BIOBIO,31251,27390,421,719.0,58.6,53.1,64.3,20418,6.33,6.82,7.29,0.929,0.87,0.06,SOBRESALIENTE
2023,121109,ARAUCANÍA SUR,29786,26809,592,587.8,100.7,92.8,109.0,20306,7.76,6.49,6.92,1.196,1.122,0.074,ALERTA_ESTANCIA
2023,124105,DEL RELONCAVÍ,29283,24795,618,817.4,75.6,69.8,81.7,18099,7.15,7.49,7.79,0.955,0.917,0.038,ALTA_SUPERVIVENCIA
2023,109100,METROPOLITANO NORTE,28496,23472,816,764.9,106.7,99.5,114.1,15337,8.15,7.14,7.21,1.141,1.131,0.01,ALERTA_ESTANCIA
2023,110100,METROPOLITANO OCCIDENTE,26745,24340,610,732.1,83.3,76.8,90.1,15777,7.27,7.28,7.89,0.998,0.922,0.076,ALTA_SUPERVIVENCIA
2023,113100,METROPOLITANO SUR,26701,22441,975,902.8,108.0,101.3,114.9,16845,8.27,7.61,7.97,1.087,1.037,0.049,ALERTA_ESTANCIA
2023,107100,VIÑA DEL MAR QUILLOTA,26624,22896,601,693.0,86.7,79.9,93.8,16907,6.91,7.44,8.1,0.929,0.854,0.075,SOBRESALIENTE
2023,115100,LIBERTADOR B. O HIGGINS,26257,22193,810,807.1,100.4,93.6,107.4,15891,6.71,7.65,7.73,0.877,0.868,0.009,ALTA_EFICIENCIA
2023,110120,METROPOLITANO OCCIDENTE,25063,21115,774,737.1,105.0,97.7,112.5,15993,7.5,7.09,7.37,1.058,1.017,0.041,ALERTA_ESTANCIA
2023,117101,ÑUBLE,25052,21448,588,674.2,87.2,80.3,94.4,14210,7.24,7.1,7.39,1.02,0.98,0.04,ALTA_SUPERVIVENCIA
2023,122100,VALDIVIA,23837,21449,411,542.9,75.7,68.6,83.2,15853,6.89,6.76,7.04,1.019,0.979,0.04,ALTA_SUPERVIVENCIA
2023,119100,TALCAHUANO,23691,20804,603,664.1,90.8,83.7,98.2,16492,6.09,6.46,6.67,0.943,0.913,0.03,ALTA_EFICIENCIA
2023,114105,METROPOLITANO SURORIENTE,21176,16969,601,612.6,98.1,90.4,106.1,10108,7.73,7.51,7.73,1.028,0.999,0.029,PROMEDIO_ESPERADO
2023,103100,ANTOFAGASTA,21076,17633,674,559.9,120.4,111.5,129.6,14299,8.37,6.82,7.35,1.226,1.138,0.088,ALERTA_CRITICA
2023,106100,VALPARAISO SAN ANTONIO,20843,16848,615,545.6,112.7,104.0,121.8,11633,7.65,6.97,7.43,1.097,1.029,0.068,ALERTA_CRITICA
2023,102100,IQUIQUE,20603,16752,451,446.8,100.9,91.8,110.5,12923,7.22,6.82,7.05,1.06,1.025,0.035,ALERTA_ESTANCIA
2023,111101,METROPOLITANO CENTRAL,20415,14912,794,785.3,101.1,94.2,108.3,10550,7.02,7.45,7.26,0.942,0.967,-0.025,ALTA_EFICIENCIA
2023,105100,COQUIMBO,19951,17058,445,414.9,107.2,97.5,117.4,10544,6.51,6.07,6.68,1.072,0.975,0.097,ALERTA_ESTANCIA
2023,111100,METROPOLITANO CENTRAL,19812,15829,152,169.7,89.6,75.9,104.4,11641,6.47,5.93,6.99,1.091,0.926,0.165,ALERTA_ESTANCIA
2023,101100,ARICA,19420,16949,394,369.5,106.6,96.4,117.4,12673,5.53,6.39,6.35,0.865,0.871,-0.006,ALTA_EFICIENCIA
2023,123100,OSORNO,19407,17186,432,532.4,81.1,73.7,89.0,13762,6.12,6.88,7.16,0.891,0.855,0.035,SOBRESALIENTE
2023,114103,METROPOLITANO SURORIENTE,19194,16006,363,515.0,70.5,63.4,77.9,10847,6.31,6.99,7.44,0.903,0.848,0.055,SOBRESALIENTE
2023,105101,COQUIMBO,18575,15906,396,484.5,81.7,73.9,90.0,11601,7.4,7.2,7.84,1.029,0.945,0.084,ALTA_SUPERVIVENCIA
2023,112100,METROPOLITANO ORIENTE,18308,16964,546,678.9,80.4,73.8,87.3,8990,9.99,9.66,9.5,1.034,1.052,-0.018,ALTA_SUPERVIVENCIA
2023,116100,DEL MAULE,18087,15426,369,493.9,74.7,67.3,82.5,9075,7.52,7.35,7.36,1.023,1.022,0.001,ALTA_SUPERVIVENCIA
2023,112101,METROPOLITANO ORIENTE,17553,13208,502,529.6,94.8,86.7,103.3,9693,5.11,6.07,6.17,0.843,0.828,0.015,ALTA_EFICIENCIA
2023,113180,METROPOLITANO SUR,15818,10808,439,366.3,119.9,108.9,131.3,7594,6.76,6.25,6.59,1.082,1.025,0.057,ALERTA_CRITICA
2023,116108,DEL MAULE,14567,12117,371,322.5,115.0,103.6,127.0,8304,5.54,5.82,6.2,0.951,0.893,0.059,ALERTA_MORTALIDAD
2023,107101,VIÑA DEL MAR QUILLOTA,13728,11437,287,259.8,110.5,98.1,123.6,6605,8.15,7.58,7.41,1.076,1.1,-0.024,ALERTA_CRITICA
2023,104100,ATACAMA,13600,11360,335,290.6,115.3,103.2,127.9,8859,7.43,6.54,7.22,1.136,1.03,0.106,ALERTA_CRITICA
2023,126100,MAGALLANES,13195,12264,334,437.4,76.4,68.4,84.8,9392,7.69,7.13,7.92,1.079,0.972,0.107,ALERTA_ESTANCIA
2023,105102,COQUIMBO,12687,11004,339,361.9,93.7,84.0,103.9,6724,6.9,6.82,6.59,1.012,1.047,-0.035,PROMEDIO_ESPERADO
2023,108100,ACONCAGUA,12633,10695,373,412.7,90.4,81.4,99.8,7101,5.9,6.69,6.81,0.883,0.867,0.016,ALTA_EFICIENCIA
2023,103101,ANTOFAGASTA,11384,9256,303,320.1,94.7,84.3,105.6,7274,5.66,6.54,6.59,0.865,0.859,0.007,ALTA_EFICIENCIA
2023,111195,METROPOLITANO CENTRAL,11238,10251,673,780.3,86.2,79.9,92.9,8367,9.35,9.38,10.02,0.996,0.933,0.063,ALTA_SUPERVIVENCIA
2023,129100,ARAUCANÍA NORTE,10343,9402,233,330.8,70.4,61.7,79.8,7478,6.2,6.37,6.19,0.974,1.001,-0.027,ALTA_SUPERVIVENCIA
2023,125100,AYSEN,9777,8288,124,201.6,61.5,51.1,72.8,6301,4.68,6.13,7.21,0.763,0.649,0.114,SOBRESALIENTE
2023,115107,LIBERTADOR B. O HIGGINS,9483,8113,151,192.9,78.3,66.3,91.2,5587,5.73,6.09,6.34,0.94,0.902,0.038,SOBRESALIENTE
2023,106103,VALPARAISO SAN ANTONIO,9338,7643,321,332.6,96.5,86.2,107.4,4981,7.86,7.0,6.63,1.123,1.186,-0.063,ALERTA_ESTANCIA
2023,113130,METROPOLITANO SUR,9079,8983,18,29.4,61.2,36.2,92.5,7015,5.6,6.26,7.65,0.894,0.731,0.163,SOBRESALIENTE
2023,107102,VIÑA DEL MAR QUILLOTA,8998,7037,144,132.4,108.7,91.7,127.2,4480,5.66,5.97,6.29,0.948,0.9,0.048,ALTA_EFICIENCIA
2023,110150,METROPOLITANO OCCIDENTE,8895,7107,185,182.3,101.5,87.4,116.6,4974,5.36,5.75,5.64,0.933,0.951,-0.018,ALTA_EFICIENCIA
2023,112102,METROPOLITANO ORIENTE,8816,8178,32,33.2,96.5,66.0,132.7,6019,5.73,5.82,7.71,0.985,0.742,0.242,PROMEDIO_ESPERADO
2023,109101,METROPOLITANO NORTE,8597,8272,30,36.4,82.5,55.6,114.5,6905,6.05,5.92,7.58,1.023,0.799,0.224,ALTA_SUPERVIVENCIA
2023,117102,ÑUBLE,8500,7496,187,298.9,62.6,53.9,71.9,4723,5.92,7.53,6.93,0.787,0.854,-0.068,SOBRESALIENTE
2023,133150,CHILOÉ,8460,6922,223,238.2,93.6,81.7,106.3,4817,5.5,7.2,7.2,0.764,0.765,-0.001,ALTA_EFICIENCIA
2023,108101,ACONCAGUA,8455,7633,230,283.0,81.3,71.1,92.1,6576,5.93,6.22,6.37,0.954,0.93,0.024,ALTA_SUPERVIVENCIA
2023,129106,ARAUCANÍA NORTE,8076,6875,172,213.1,80.7,69.1,93.2,5129,6.73,6.15,6.36,1.094,1.059,0.035,ALERTA_ESTANCIA
2023,118105,CONCEPCIÓN,7345,5900,164,250.6,65.4,55.8,75.8,4602,4.52,6.3,6.13,0.717,0.737,-0.019,SOBRESALIENTE
2023,115110,LIBERTADOR B. O HIGGINS,7155,5960,92,145.9,63.0,50.8,76.6,3727,4.19,6.8,6.71,0.615,0.624,-0.009,SOBRESALIENTE
2023,128109,ARAUCO,6954,5091,138,185.9,74.2,62.4,87.1,4084,5.43,6.39,6.08,0.85,0.893,-0.043,SOBRESALIENTE
2023,104103,ATACAMA,6336,5590,122,182.6,66.8,55.5,79.2,4310,5.38,6.53,6.58,0.824,0.817,0.006,SOBRESALIENTE
2023,110130,METROPOLITANO OCCIDENTE,6098,4731,207,250.3,82.7,71.8,94.4,4285,5.19,5.99,6.1,0.867,0.852,0.015,SOBRESALIENTE
2023,121114,ARAUCANÍA SUR,6005,5514,106,183.6,57.7,47.3,69.2,3434,9.1,8.09,7.73,1.126,1.178,-0.052,ALERTA_ESTANCIA
2023,113150,METROPOLITANO SUR,5557,4549,173,244.0,70.9,60.7,81.8,3713,5.34,6.65,6.34,0.803,0.843,-0.04,SOBRESALIENTE
2023,118106,CONCEPCIÓN,5444,4783,132,153.0,86.3,72.2,101.6,2722,5.05,6.79,6.61,0.745,0.764,-0.02,SOBRESALIENTE
2023,121121,ARAUCANÍA SUR,5242,4227,53,124.3,42.6,31.9,54.9,2746,4.35,6.86,6.75,0.635,0.645,-0.01,SOBRESALIENTE
2023,116110,DEL MAULE,5046,4221,146,248.9,58.7,49.5,68.6,3552,4.66,6.67,6.64,0.698,0.702,-0.004,SOBRESALIENTE
2023,106102,VALPARAISO SAN ANTONIO,4818,4341,148,203.4,72.8,61.5,84.9,3566,10.11,8.67,8.43,1.166,1.199,-0.033,ALERTA_ESTANCIA
2023,110110,METROPOLITANO SURORIENTE,4683,4611,6,36.9,16.3,5.9,31.6,2887,5.06,6.76,7.9,0.748,0.64,0.108,SOBRESALIENTE
2023,121110,ARAUCANÍA SUR,4456,3810,105,122.7,85.6,70.0,102.7,1940,6.88,8.38,7.7,0.821,0.893,-0.072,SOBRESALIENTE
2023,119101,TALCAHUANO,4431,3930,122,219.6,55.5,46.1,65.8,2477,6.89,7.71,7.18,0.893,0.959,-0.066,SOBRESALIENTE
2023,121117,ARAUCANÍA SUR,4047,3519,114,171.0,66.7,55.0,79.4,2176,7.6,9.82,9.23,0.774,0.822,-0.049,SOBRESALIENTE
2023,112103,METROPOLITANO OCCIDENTE,3594,3465,157,147.6,106.4,90.4,123.6,3203,8.51,9.05,10.79,0.94,0.788,0.152,ALTA_EFICIENCIA
2023,112104,METROPOLITANO SUR,3558,3443,45,85.7,52.5,38.3,68.9,2771,7.29,8.02,11.63,0.909,0.627,0.282,SOBRESALIENTE
2024,114101,METROPOLITANO SURORIENTE,49411,41301,1097,1375.5,79.8,75.1,84.5,24902,6.06,7.33,7.92,0.826,0.765,0.061,SOBRESALIENTE
2024,118100,CONCEPCIÓN,35148,31398,954,1134.5,84.1,78.8,89.5,24576,6.7,7.27,7.91,0.921,0.847,0.074,SOBRESALIENTE
2024,116105,DEL MAULE,33858,29147,702,718.9,97.7,90.6,105.0,20960,6.78,6.45,7.5,1.052,0.904,0.148,ALERTA_ESTANCIA
2024,120101,BIOBIO,30527,27144,495,843.1,58.7,53.7,64.0,20288,6.72,7.35,7.71,0.914,0.871,0.043,SOBRESALIENTE
2024,124105,DEL RELONCAVÍ,30453,25731,681,861.7,79.0,73.2,85.1,18437,7.46,7.44,7.83,1.004,0.952,0.051,ALTA_SUPERVIVENCIA
2024,121109,ARAUCANÍA SUR,29540,26676,556,651.3,85.4,78.4,92.6,20610,7.59,6.67,7.09,1.138,1.07,0.068,ALERTA_ESTANCIA
2024,107100,VIÑA DEL MAR QUILLOTA,27950,24431,605,743.8,81.3,75.0,87.9,18105,6.51,7.45,8.15,0.874,0.798,0.075,SOBRESALIENTE
2024,109100,METROPOLITANO NORTE,27157,22900,826,749.7,110.2,102.8,117.8,15162,8.17,7.23,7.26,1.13,1.125,0.005,ALERTA_CRITICA
2024,113100,METROPOLITANO SUR,27131,23275,934,883.9,105.7,99.0,112.5,17222,8.82,7.76,8.09,1.136,1.09,0.047,ALERTA_ESTANCIA
2024,115100,LIBERTADOR B. O HIGGINS,26962,22952,839,846.1,99.2,92.6,106.0,16605,6.64,7.55,7.64,0.88,0.869,0.011,ALTA_EFICIENCIA
2024,110100,METROPOLITANO OCCIDENTE,26632,23999,731,783.9,93.3,86.6,100.1,14877,7.45,7.55,8.13,0.986,0.916,0.07,PROMEDIO_ESPERADO
2024,110120,METROPOLITANO OCCIDENTE,25837,22367,830,811.7,102.3,95.4,109.3,16146,7.42,7.33,7.58,1.012,0.978,0.034,PROMEDIO_ESPERADO
2024,117101,ÑUBLE,25827,22196,654,728.4,89.8,83.0,96.8,15662,6.54,7.13,7.13,0.917,0.916,0.001,SOBRESALIENTE
2024,119100,TALCAHUANO,25653,22516,653,665.0,98.2,90.8,105.9,17730,5.4,6.29,6.5,0.859,0.832,0.028,ALTA_EFICIENCIA
2024,122100,VALDIVIA,23550,21105,439,569.0,77.1,70.1,84.5,15786,6.94,6.85,7.09,1.012,0.978,0.034,ALTA_SUPERVIVENCIA
2024,103100,ANTOFAGASTA,23141,19853,729,615.9,118.4,109.9,127.1,15519,8.16,6.83,7.26,1.194,1.124,0.07,ALERTA_CRITICA
2024,116100,DEL MAULE,21397,18376,466,554.2,84.1,76.6,91.9,11614,6.69,7.3,7.42,0.917,0.902,0.015,SOBRESALIENTE
2024,106100,VALPARAISO SAN ANTONIO,21316,17227,649,681.3,95.3,88.1,102.7,12546,7.03,7.52,7.55,0.934,0.931,0.004,ALTA_EFICIENCIA
2024,105100,COQUIMBO,21122,18571,443,460.5,96.2,87.4,105.4,10690,6.64,6.55,7.01,1.013,0.947,0.065,PROMEDIO_ESPERADO
2024,114103,METROPOLITANO SURORIENTE,20928,17743,462,592.6,78.0,71.0,85.2,11582,5.99,7.23,7.33,0.828,0.817,0.011,SOBRESALIENTE
2024,111101,METROPOLITANO CENTRAL,20389,15298,677,686.0,98.7,91.4,106.3,10386,6.78,7.43,7.38,0.913,0.919,-0.006,ALTA_EFICIENCIA
2024,102100,IQUIQUE,20297,15606,347,347.9,99.7,89.5,110.5,12108,5.98,6.79,7.03,0.881,0.852,0.03,ALTA_EFICIENCIA
2024,111100,METROPOLITANO CENTRAL,20269,16789,168,175.6,95.7,81.8,110.7,12089,6.2,5.99,7.13,1.036,0.87,0.165,PROMEDIO_ESPERADO
2024,123100,OSORNO,20170,17758,424,544.5,77.9,70.6,85.5,13458,6.04,6.97,7.05,0.867,0.857,0.01,SOBRESALIENTE
2024,114105,METROPOLITANO SURORIENTE,20091,15701,572,574.0,99.6,91.6,108.0,10102,7.7,7.49,7.77,1.028,0.991,0.038,PROMEDIO_ESPERADO
2024,101100,ARICA,19662,17304,414,430.1,96.3,87.2,105.8,13065,5.15,6.52,6.47,0.789,0.795,-0.006,ALTA_EFICIENCIA
2024,112100,METROPOLITANO ORIENTE,18875,17581,514,582.0,88.3,80.8,96.1,9619,9.38,9.21,9.27,1.018,1.012,0.006,ALTA_SUPERVIVENCIA
2024,105101,COQUIMBO,18660,16244,438,521.0,84.1,76.4,92.1,11688,7.64,7.26,7.91,1.053,0.966,0.086,ALERTA_ESTANCIA
2024,112101,METROPOLITANO ORIENTE,17718,13554,527,549.5,95.9,87.9,104.3,9577,5.23,6.17,6.36,0.847,0.823,0.024,ALTA_EFICIENCIA
2024,113180,METROPOLITANO SUR,15901,11307,482,391.3,123.2,112.4,134.4,7804,6.32,6.23,6.69,1.014,0.944,0.069,ALERTA_MORTALIDAD
2024,104100,ATACAMA,14272,12029,349,324.6,107.5,96.5,119.1,8829,7.21,6.63,7.31,1.088,0.987,0.101,ALERTA_ESTANCIA
2024,107101,VIÑA DEL MAR QUILLOTA,14245,11821,316,308.6,102.4,91.4,114.0,6989,8.7,8.15,8.43,1.067,1.032,0.036,ALERTA_ESTANCIA
2024,116108,DEL MAULE,14174,11971,373,351.5,106.1,95.6,117.2,7857,5.7,6.18,6.35,0.922,0.898,0.024,ALTA_EFICIENCIA
2024,126100,MAGALLANES,13434,12594,309,466.9,66.2,59.0,73.8,9353,7.7,7.33,7.96,1.05,0.967,0.083,ALERTA_ESTANCIA
2024,108100,ACONCAGUA,13211,11545,395,432.1,91.4,82.6,100.6,7551,5.55,6.7,6.8,0.828,0.816,0.012,ALTA_EFICIENCIA
2024,105102,COQUIMBO,11587,9910,341,372.0,91.7,82.2,101.6,6073,7.13,7.13,6.93,1.001,1.028,-0.028,PROMEDIO_ESPERADO
2024,111195,METROPOLITANO CENTRAL,11565,10306,603,766.9,78.6,72.5,85.0,8710,9.42,9.44,10.02,0.998,0.94,0.058,ALTA_SUPERVIVENCIA
2024,103101,ANTOFAGASTA,11021,9110,257,325.0,79.1,69.7,89.0,7240,5.87,6.91,6.87,0.85,0.854,-0.005,SOBRESALIENTE
2024,129100,ARAUCANÍA NORTE,10702,9777,263,340.3,77.3,68.2,86.9,7412,6.27,6.39,6.24,0.981,1.005,-0.024,ALTA_SUPERVIVENCIA
2024,200717,ARAUCANÍA SUR,10354,9738,242,326.8,74.0,65.0,83.7,5441,7.87,8.25,7.75,0.954,1.016,-0.061,ALTA_SUPERVIVENCIA
2024,110150,METROPOLITANO OCCIDENTE,10207,8477,197,266.7,73.9,63.9,84.5,5353,5.32,6.65,6.51,0.801,0.817,-0.017,SOBRESALIENTE
2024,125100,AYSEN,10011,8598,116,174.3,66.5,55.0,79.2,6452,4.48,6.26,7.51,0.716,0.597,0.119,SOBRESALIENTE
2024,113130,METROPOLITANO SUR,9941,9834,18,35.8,50.3,29.8,76.1,7600,5.36,6.34,7.54,0.846,0.711,0.135,SOBRESALIENTE
2024,106103,VALPARAISO SAN ANTONIO,9901,8101,287,417.4,68.8,61.0,76.9,5526,6.59,7.09,6.8,0.929,0.969,-0.04,SOBRESALIENTE
2024,115107,LIBERTADOR B. O HIGGINS,9685,8230,180,200.9,89.6,77.0,103.2,5282,5.87,6.47,6.45,0.908,0.91,-0.002,SOBRESALIENTE
2024,107102,VIÑA DEL MAR QUILLOTA,9526,7513,162,133.2,121.6,103.6,141.0,4302,5.58,6.37,6.53,0.877,0.855,0.022,ALERTA_MORTALIDAD
2024,109101,METROPOLITANO NORTE,9168,8691,40,35.0,114.2,81.6,152.3,6943,5.58,5.75,7.38,0.97,0.756,0.214,ALERTA_MORTALIDAD
2024,117102,ÑUBLE,9160,7720,236,344.3,68.5,60.1,77.6,4908,5.38,7.59,6.9,0.71,0.78,-0.07,SOBRESALIENTE
2024,108101,ACONCAGUA,8784,7979,232,286.1,81.1,71.0,91.9,6881,5.88,6.51,6.67,0.903,0.883,0.021,SOBRESALIENTE
2024,133150,CHILOÉ,8632,7185,227,247.5,91.7,80.2,104.0,4879,5.66,7.35,7.39,0.77,0.766,0.004,ALTA_EFICIENCIA
2024,129106,ARAUCANÍA NORTE,8369,7172,183,226.4,80.8,69.6,93.0,5434,6.42,6.31,6.41,1.017,1.002,0.015,ALTA_SUPERVIVENCIA
2024,118105,CONCEPCIÓN,7656,6044,207,249.6,82.9,72.0,94.6,4469,4.41,6.56,6.42,0.673,0.686,-0.014,SOBRESALIENTE
2024,112102,METROPOLITANO ORIENTE,7344,6868,38,36.5,104.0,73.6,139.6,5407,5.81,5.98,7.9,0.972,0.736,0.236,PROMEDIO_ESPERADO
2024,128109,ARAUCO,7085,5603,140,173.0,80.9,68.1,94.9,3801,6.38,6.52,6.49,0.978,0.983,-0.006,ALTA_SUPERVIVENCIA
2024,115110,LIBERTADOR B. O HIGGINS,7001,5826,95,149.6,63.5,51.4,76.9,3600,4.48,6.85,6.64,0.654,0.675,-0.021,SOBRESALIENTE
2024,121121,ARAUCANÍA SUR,6789,5680,93,168.0,55.4,44.7,67.2,3108,5.13,7.67,7.59,0.669,0.675,-0.007,SOBRESALIENTE
2024,104103,ATACAMA,6455,5802,161,228.5,70.4,60.0,81.7,4269,5.94,6.93,6.91,0.857,0.86,-0.003,SOBRESALIENTE
2024,118106,CONCEPCIÓN,6247,5357,161,169.4,95.1,80.9,110.3,2951,5.02,6.97,6.73,0.721,0.747,-0.026,ALTA_EFICIENCIA
2024,110130,METROPOLITANO OCCIDENTE,5972,4743,160,229.4,69.7,59.3,80.9,4208,5.37,6.02,6.43,0.891,0.834,0.057,SOBRESALIENTE
2024,121114,ARAUCANÍA SUR,5966,5500,106,197.2,53.7,44.0,64.4,3486,9.27,8.37,8.07,1.107,1.148,-0.041,ALERTA_ESTANCIA
2024,113150,METROPOLITANO SUR,5573,4664,191,249.6,76.5,66.1,87.8,3778,5.42,6.75,6.39,0.804,0.849,-0.045,SOBRESALIENTE
2024,116110,DEL MAULE,4817,3970,173,237.5,72.8,62.4,84.1,3216,4.78,6.85,6.55,0.698,0.73,-0.032,SOBRESALIENTE
2024,106102,VALPARAISO SAN ANTONIO,4779,4136,155,204.1,76.0,64.5,88.4,3457,8.78,9.02,8.85,0.973,0.992,-0.019,ALTA_SUPERVIVENCIA
2024,121110,ARAUCANÍA SUR,4694,3979,80,115.2,69.5,55.1,85.5,1892,6.99,8.64,7.91,0.809,0.884,-0.075,SOBRESALIENTE
2024,116111,DEL MAULE,4682,3790,189,220.7,85.6,73.9,98.3,3158,5.78,6.77,6.59,0.853,0.876,-0.023,SOBRESALIENTE
2024,110110,METROPOLITANO NORTE,4421,4349,7,40.1,17.5,7.0,32.6,2839,4.49,6.78,8.11,0.662,0.554,0.108,SOBRESALIENTE
2024,119102,CONCEPCIÓN,4157,3508,92,149.1,61.7,49.7,74.9,1973,6.36,8.37,7.66,0.761,0.831,-0.07,SOBRESALIENTE
2024,119101,TALCAHUANO,4042,3438,149,219.3,68.0,57.5,79.3,2393,6.64,7.99,7.54,0.83,0.88,-0.05,SOBRESALIENTE
2024,112103,METROPOLITANO CENTRAL,3951,3768,164,126.7,129.4,110.4,150.0,3449,8.19,8.04,10.19,1.019,0.804,0.215,ALERTA_MORTALIDAD
2024,121117,ARAUCANÍA SUR,3897,3336,122,158.2,77.1,64.0,91.4,2174,7.8,9.61,8.99,0.812,0.868,-0.056,SOBRESALIENTE
2024,112104,METROPOLITANO CENTRAL,3560,3416,32,91.6,35.0,23.9,48.1,2826,6.82,8.36,12.12,0.816,0.562,0.253,SOBRESALIENTE
2024,116107,DEL MAULE,3204,2611,106,131.7,80.5,65.9,96.5,1969,4.52,7.77,7.17,0.581,0.63,-0.048,SOBRESALIENTE
