"Variable","Qué representa","Tipo de dato","Registros con datos","Registros sin datos","Uso en el proyecto"
"COD_HOSPITAL","Código único del hospital donde ocurrió la hospitalización","Texto","5.808.536","0","Identifica al establecimiento. Solo para agrupar resultados, no para el modelo."
"CIP_ENCRIPTADO","Identificador del paciente, protegido mediante encriptación. No contiene el RUT real.","Texto","5.806.492","2.044","Permite rastrear al mismo paciente entre hospitalizaciones distintas."
"SERVICIO_SALUD","Servicio de salud (macrorred) al que pertenece el hospital","Texto","5.808.536","0","Agrupación geográfica de hospitales. No entra al modelo."
"SEXO","Sexo registrado del paciente","Texto","5.808.536","0","Sin valores faltantes. Entra directamente al modelo."
"FECHA_NACIMIENTO","Fecha de nacimiento del paciente (formato año-mes-día)","Fecha","5.808.536","0","No entra al modelo directamente. Se usa para calcular la edad al ingreso."
"ETNIA","Pertenencia del paciente a un pueblo originario","Texto","5.808.536","0","No entra al modelo. Se guarda para análisis de equidad posterior."
"PROVINCIA","Provincia de residencia del paciente","Texto","5.808.536","0","No entra al modelo. En Chile la provincia identifica casi unívocamente al hospital."
"COMUNA","Comuna de residencia del paciente","Texto","5.808.536","0","No entra al modelo por la misma razón que PROVINCIA."
"NACIONALIDAD","Nacionalidad del paciente","Texto","5.808.536","0","No entra al modelo. Se guarda para análisis de equidad posterior."
"PREVISION","Sistema de salud del paciente (FONASA, ISAPRE, etc.)","Texto","5.808.536","0","No entra al modelo por ser proxy del nivel socioeconómico."
"TIPO_PROCEDENCIA","De dónde viene el paciente al ingresar (domicilio, urgencia, derivado)","Texto","5.808.536","0","Entra al modelo después de agrupar las 25 categorías en 3 grupos."
"TIPO_INGRESO","Si el ingreso fue de urgencia o programado","Texto","5.808.536","0","Entra directamente al modelo. Conocido al momento del ingreso."
"ESPECIALIDAD_MEDICA","Especialidad médica asignada al episodio","Texto","5.808.536","0","Condicional: solo entra si se verifica que no identifica al hospital."
"TIPO_ACTIVIDAD","Tipo de actividad asistencial (hospitalización, cirugía ambulatoria, etc.)","Texto","5.808.536","0","Entra al modelo de mortalidad. Los ambulatorios se excluyen del modelo de estadía."
"FECHA_INGRESO","Fecha en que el paciente ingresó al hospital (formato día-mes-año)","Fecha","5.808.536","0","No entra directamente. Se usa para calcular mes, día de semana y edad al ingreso."
"SERVICIOINGRESO","Unidad clínica donde ingresó el paciente (ej. UCI, medicina interna)","Texto","5.808.533","3","Condicional: solo entra si se verifica que refleja gravedad y no capacidad instalada."
"HOSPPROCEDENCIA","Hospital de origen cuando el paciente viene derivado de otro establecimiento","Texto","703.854","5.104.682","Se usa para construir la variable que indica si el paciente fue derivado."
"FECHATRASLADO1","Fecha del primer traslado interno durante la hospitalización","Fecha","1.001.017","4.807.519","No entra al modelo. Solo se usa para identificar si el episodio fue censurado."
"SERVICIOTRASLADO1","Unidad de destino del primer traslado interno","Texto","1.001.016","4.807.520","No entra al modelo. Mismo uso que FECHATRASLADO1."
"FECHATRASLADO2","Fecha del segundo traslado interno","Fecha","333.365","5.475.171","No entra al modelo."
"SERVICIOTRASLADO2","Unidad de destino del segundo traslado interno","Texto","333.372","5.475.164","No entra al modelo. Nota: tiene 7 registros más que su fecha par, lo que indica error en el origen."
"FECHATRASLADO3","Fecha del tercer traslado interno","Fecha","103.618","5.704.918","No entra al modelo."
"SERVICIOTRASLADO3","Unidad de destino del tercer traslado interno","Texto","103.621","5.704.915","No entra al modelo. Tiene 3 registros más que su fecha par."
"FECHATRASLADO4","Fecha del cuarto traslado interno","Fecha","37.348","5.771.188","No entra al modelo."
"SERVICIOTRASLADO4","Unidad de destino del cuarto traslado interno","Texto","37.348","5.771.188","No entra al modelo."
"FECHATRASLADO5","Fecha del quinto traslado interno","Fecha","13.750","5.794.786","No entra al modelo. Tiene 1 registro menos que su servicio par."
"SERVICIOTRASLADO5","Unidad de destino del quinto traslado interno","Texto","13.751","5.794.785","No entra al modelo."
"FECHATRASLADO6","Fecha del sexto traslado interno","Fecha","6.200","5.802.336","No entra al modelo."
"SERVICIOTRASLADO6","Unidad de destino del sexto traslado interno","Texto","6.200","5.802.336","No entra al modelo."
"FECHATRASLADO7","Fecha del séptimo traslado interno","Fecha","3.073","5.805.463","No entra al modelo."
"SERVICIOTRASLADO7","Unidad de destino del séptimo traslado interno","Texto","3.073","5.805.463","No entra al modelo."
"FECHATRASLADO8","Fecha del octavo traslado interno","Fecha","1.693","5.806.843","No entra al modelo."
"SERVICIOTRASLADO8","Unidad de destino del octavo traslado interno","Texto","1.693","5.806.843","No entra al modelo."
"FECHATRASLADO9","Fecha del noveno traslado interno","Fecha","973","5.807.563","No entra al modelo."
"SERVICIOTRASLADO9","Unidad de destino del noveno traslado interno","Texto","973","5.807.563","No entra al modelo."
"FECHAALTA","Fecha en que el paciente fue dado de alta (formato día-mes-año)","Fecha","5.808.518","18","No entra al modelo. Se usa para calcular los días de estadía."
"SERVICIOALTA","Unidad clínica desde donde se dio el alta","Texto","5.808.536","0","No entra al modelo. Es información de egreso."
"TIPOALTA","Motivo del alta: recuperado, fallecido, trasladado, etc. (18 categorías)","Texto","5.808.536","0","No entra al modelo. A partir de esto se construyen los dos resultados a predecir."
"CONDICIONDEALTANEONATO1","Condición de alta del primer recién nacido del episodio","Texto","128.946","5.679.590","Se usa para identificar episodios de recién nacidos. No entra al modelo."
"PESORN1","Peso del primer recién nacido","Número","795.973","5.012.563","No se usa. Solo aplica a episodios de maternidad, que se excluyen del análisis."
"SEXORN1","Sexo del primer recién nacido","Texto","647.342","5.161.194","No se usa. Mismo motivo que PESORN1."
"RN1ESTADO","Estado del primer recién nacido","Texto","1.919.691","3.888.845","No se usa. Los valores no tienen significado documentado en ningún manual clínico."
"CONDICIONDEALTANEONATO2","Condición de alta del segundo recién nacido","Texto","1.576","5.806.960","Se usa para identificar partos múltiples. No entra al modelo."
"PESORN2","Peso del segundo recién nacido","Número","8.596","5.799.940","No se usa."
"SEXORN2","Sexo del segundo recién nacido","Texto","8.591","5.799.945","No se usa."
"RN2ESTADO","Estado del segundo recién nacido","Texto","1.444.072","4.364.464","No se usa. Alerta: tiene 1.444.072 valores cuando solo hay 1.576 partos múltiples; indica columnas desplazadas entre años."
"CONDICIONDEALTANEONATO3","Condición de alta del tercer recién nacido","Texto","0","5.808.536","No se usa. Columna completamente vacía en todos los años."
"PESORN3","Peso del tercer recién nacido","Número","75","5.808.461","No se usa. Solo 75 valores; la columna CONDICIONDEALTANEONATO3 tiene 0, lo que indica desalineación."
"SEXORN3","Sexo del tercer recién nacido","Texto","75","5.808.461","No se usa."
"RN3ESTADO","Estado del tercer recién nacido","Texto","1.437.610","4.370.926","No se usa. Mismo problema de columnas desplazadas que RN2ESTADO."
"CONDICIONDEALTANEONATO4","Condición de alta del cuarto recién nacido","Texto","0","5.808.536","No se usa. Columna completamente vacía en todos los años."
"PESORN4","Peso del cuarto recién nacido","Texto","1","5.808.535","No se usa. Solo 1 valor; además el tipo de dato cambia entre años (número vs texto)."
"SEXORN4","Sexo del cuarto recién nacido","Texto","2","5.808.534","No se usa."
"RN4ESTADO","Estado del cuarto recién nacido","Texto","1.437.552","4.370.984","No se usa. Mismo problema de columnas desplazadas."
"DIAGNOSTICO1","Diagnóstico principal: el motivo del ingreso, en código CIE-10","Texto","5.808.456","80","Entra al modelo en dos formas: categoría amplia y código de 3 caracteres. No entra al cálculo Elixhauser."
"DIAGNOSTICO2","Segundo diagnóstico del paciente (enfermedades previas o secundarias), en código CIE-10","Texto","5.013.342","795.194","No entra directamente. Se usa para calcular las 31 variables del Índice de Elixhauser."
"DIAGNOSTICO3","Tercer diagnóstico en código CIE-10","Texto","4.212.267","1.596.269","Mismo uso que DIAGNOSTICO2."
"DIAGNOSTICO4","Cuarto diagnóstico en código CIE-10","Texto","3.458.008","2.350.528","Mismo uso que DIAGNOSTICO2."
"DIAGNOSTICO5","Quinto diagnóstico en código CIE-10","Texto","2.744.234","3.064.302","Mismo uso que DIAGNOSTICO2."
"DIAGNOSTICO6","Sexto diagnóstico en código CIE-10","Texto","2.139.254","3.669.282","Mismo uso que DIAGNOSTICO2."
"DIAGNOSTICO7","Séptimo diagnóstico en código CIE-10","Texto","1.649.276","4.159.260","Mismo uso que DIAGNOSTICO2."
"DIAGNOSTICO8","Octavo diagnóstico en código CIE-10","Texto","1.264.031","4.544.505","Mismo uso que DIAGNOSTICO2."
"DIAGNOSTICO9","Noveno diagnóstico en código CIE-10","Texto","967.654","4.840.882","Mismo uso que DIAGNOSTICO2."
"DIAGNOSTICO10","Décimo diagnóstico en código CIE-10","Texto","742.548","5.065.988","Mismo uso que DIAGNOSTICO2."
"DIAGNOSTICO11","Undécimo diagnóstico en código CIE-10","Texto","573.145","5.235.391","Mismo uso que DIAGNOSTICO2."
"DIAGNOSTICO12","Duodécimo diagnóstico en código CIE-10","Texto","445.318","5.363.218","Mismo uso que DIAGNOSTICO2."
"DIAGNOSTICO13","Decimotercer diagnóstico en código CIE-10","Texto","347.407","5.461.129","Mismo uso que DIAGNOSTICO2."
"DIAGNOSTICO14","Decimocuarto diagnóstico en código CIE-10","Texto","272.849","5.535.687","Mismo uso que DIAGNOSTICO2."
"DIAGNOSTICO15","Decimoquinto diagnóstico en código CIE-10","Texto","214.807","5.593.729","Mismo uso que DIAGNOSTICO2."
"DIAGNOSTICO16","Decimosexto diagnóstico en código CIE-10","Texto","170.092","5.638.444","Mismo uso que DIAGNOSTICO2."
"DIAGNOSTICO17","Decimoséptimo diagnóstico en código CIE-10","Texto","135.074","5.673.462","Mismo uso que DIAGNOSTICO2."
"DIAGNOSTICO18","Decimoctavo diagnóstico en código CIE-10","Texto","107.710","5.700.826","Mismo uso que DIAGNOSTICO2."
"DIAGNOSTICO19","Decimonoveno diagnóstico en código CIE-10","Texto","86.224","5.722.312","Mismo uso que DIAGNOSTICO2."
"DIAGNOSTICO20","Vigésimo diagnóstico en código CIE-10","Texto","68.946","5.739.590","Mismo uso que DIAGNOSTICO2."
"DIAGNOSTICO21","Vigésimo primer diagnóstico en código CIE-10","Texto","55.191","5.753.345","Mismo uso que DIAGNOSTICO2."
"DIAGNOSTICO22","Vigésimo segundo diagnóstico en código CIE-10","Texto","44.390","5.764.146","Mismo uso que DIAGNOSTICO2."
"DIAGNOSTICO23","Vigésimo tercer diagnóstico en código CIE-10","Texto","35.817","5.772.719","Mismo uso que DIAGNOSTICO2."
"DIAGNOSTICO24","Vigésimo cuarto diagnóstico en código CIE-10","Texto","28.984","5.779.552","Mismo uso que DIAGNOSTICO2."
"DIAGNOSTICO25","Vigésimo quinto diagnóstico en código CIE-10","Texto","23.410","5.785.126","Mismo uso que DIAGNOSTICO2."
"DIAGNOSTICO26","Vigésimo sexto diagnóstico en código CIE-10","Texto","18.994","5.789.542","Mismo uso que DIAGNOSTICO2."
"DIAGNOSTICO27","Vigésimo séptimo diagnóstico en código CIE-10","Texto","15.357","5.793.179","Mismo uso que DIAGNOSTICO2."
"DIAGNOSTICO28","Vigésimo octavo diagnóstico en código CIE-10","Texto","12.546","5.795.990","Mismo uso que DIAGNOSTICO2."
"DIAGNOSTICO29","Vigésimo noveno diagnóstico en código CIE-10","Texto","10.165","5.798.371","Mismo uso que DIAGNOSTICO2."
"DIAGNOSTICO30","Trigésimo diagnóstico en código CIE-10","Texto","8.227","5.800.309","Mismo uso que DIAGNOSTICO2."
"DIAGNOSTICO31","Trigésimo primer diagnóstico en código CIE-10","Texto","6.580","5.801.956","Mismo uso que DIAGNOSTICO2."
"DIAGNOSTICO32","Trigésimo segundo diagnóstico en código CIE-10","Texto","5.262","5.803.274","Mismo uso que DIAGNOSTICO2."
"DIAGNOSTICO33","Trigésimo tercer diagnóstico en código CIE-10","Texto","4.221","5.804.315","Mismo uso que DIAGNOSTICO2."
"DIAGNOSTICO34","Trigésimo cuarto diagnóstico en código CIE-10","Texto","3.360","5.805.176","Mismo uso que DIAGNOSTICO2."
"DIAGNOSTICO35","Trigésimo quinto diagnóstico en código CIE-10","Texto","2.392","5.806.144","Mismo uso que DIAGNOSTICO2."
"PROCEDIMIENTO1","Primer procedimiento realizado durante la hospitalización (código CIE-9-MC)","Texto","5.790.177","18.359","Prohibido en el modelo. Ocurre después del ingreso. Debe leerse como texto para evitar pérdida de ceros iniciales."
"PROCEDIMIENTO2","Segundo procedimiento (código CIE-9-MC)","Texto","5.322.382","486.154","Prohibido en el modelo. Nota: el tipo de dato cambia entre años, lo que puede causar pérdida de ceros iniciales."
"PROCEDIMIENTO3","Tercer procedimiento (código CIE-9-MC)","Texto","4.839.004","969.532","Prohibido en el modelo."
"PROCEDIMIENTO4","Cuarto procedimiento","Texto","4.383.067","1.425.469","Prohibido en el modelo."
"PROCEDIMIENTO5","Quinto procedimiento","Texto","3.936.386","1.872.150","Prohibido en el modelo."
"PROCEDIMIENTO6","Sexto procedimiento","Texto","3.486.957","2.321.579","Prohibido en el modelo."
"PROCEDIMIENTO7","Séptimo procedimiento","Texto","3.035.918","2.772.618","Prohibido en el modelo."
"PROCEDIMIENTO8","Octavo procedimiento","Texto","2.593.981","3.214.555","Prohibido en el modelo."
"PROCEDIMIENTO9","Noveno procedimiento","Texto","2.182.953","3.625.583","Prohibido en el modelo."
"PROCEDIMIENTO10","Décimo procedimiento","Texto","1.813.151","3.995.385","Prohibido en el modelo."
"PROCEDIMIENTO11","Undécimo procedimiento","Texto","1.495.958","4.312.578","Prohibido en el modelo."
"PROCEDIMIENTO12","Duodécimo procedimiento","Texto","1.233.614","4.574.922","Prohibido en el modelo."
"PROCEDIMIENTO13","Decimotercer procedimiento","Texto","1.018.742","4.789.794","Prohibido en el modelo."
"PROCEDIMIENTO14","Decimocuarto procedimiento","Texto","847.293","4.961.243","Prohibido en el modelo."
"PROCEDIMIENTO15","Decimoquinto procedimiento","Texto","710.846","5.097.690","Prohibido en el modelo."
"PROCEDIMIENTO16","Decimosexto procedimiento","Texto","600.603","5.207.933","Prohibido en el modelo."
"PROCEDIMIENTO17","Decimoséptimo procedimiento","Texto","510.845","5.297.691","Prohibido en el modelo."
"PROCEDIMIENTO18","Decimoctavo procedimiento","Texto","438.126","5.370.410","Prohibido en el modelo."
"PROCEDIMIENTO19","Decimonoveno procedimiento","Texto","377.919","5.430.617","Prohibido en el modelo."
"PROCEDIMIENTO20","Vigésimo procedimiento","Texto","327.733","5.480.803","Prohibido en el modelo."
"PROCEDIMIENTO21","Vigésimo primer procedimiento","Texto","284.956","5.523.580","Prohibido en el modelo."
"PROCEDIMIENTO22","Vigésimo segundo procedimiento","Texto","249.117","5.559.419","Prohibido en el modelo."
"PROCEDIMIENTO23","Vigésimo tercer procedimiento","Texto","218.147","5.590.389","Prohibido en el modelo."
"PROCEDIMIENTO24","Vigésimo cuarto procedimiento","Texto","190.748","5.617.788","Prohibido en el modelo."
"PROCEDIMIENTO25","Vigésimo quinto procedimiento","Texto","166.945","5.641.591","Prohibido en el modelo."
"PROCEDIMIENTO26","Vigésimo sexto procedimiento","Texto","146.136","5.662.400","Prohibido en el modelo."
"PROCEDIMIENTO27","Vigésimo séptimo procedimiento","Texto","127.780","5.680.756","Prohibido en el modelo."
"PROCEDIMIENTO28","Vigésimo octavo procedimiento","Texto","111.775","5.696.761","Prohibido en el modelo."
"PROCEDIMIENTO29","Vigésimo noveno procedimiento","Texto","97.619","5.710.917","Prohibido en el modelo."
"PROCEDIMIENTO30","Trigésimo procedimiento","Texto","85.253","5.723.283","Prohibido en el modelo."
"MEDICOINTERV1_ENCRIPTADO","Identificador del médico que realizó la intervención (encriptado, sin nombre real)","Texto","3.200.790","2.607.746","Prohibido en el modelo. Registra un evento posterior al ingreso."
"FECHAPROCEDIMIENTO1","Fecha registrada del procedimiento 1","Fecha","9","5.808.527","No se usa. Solo 9 valores registrados y tienen estructura de RUT, no de fecha. Descartada por error de carga y riesgo de privacidad."
"FECHAINTERV1","Fecha de la intervención quirúrgica","Fecha","2.934.666","2.873.870","Prohibido en el modelo. Es información posterior al ingreso."
"ESPECIALIDADINTERVENCION","Especialidad médica de la intervención","Texto","3.206.355","2.602.181","Prohibido en el modelo. Su presencia implica que ya hubo una intervención."
"MEDICOALTA_ENCRIPTADO","Identificador del médico que firmó el alta (encriptado)","Texto","5.804.965","3.571","Prohibido en el modelo. Es información del momento del alta."
"USOSPABELLON","Indica si el paciente usó pabellón quirúrgico","Texto","2.961.288","2.847.248","Prohibido en el modelo. El uso del pabellón ocurre después del ingreso."
"IR_29301_COD_GRD","Código del Grupo Relacionado por Diagnóstico asignado al episodio","Texto","5.808.461","75","No entra al modelo como predictor. Se usa para excluir recién nacidos y partos normales."
"IR_29301_PESO","Peso relativo del GRD: mide cuántos recursos consume ese tipo de hospitalización en promedio","Número","5.808.536","0","No entra al modelo. Se guarda en tabla auxiliar para análisis de sensibilidad."
"IR_29301_SEVERIDAD","Nivel de severidad asignado por el sistema GRD al episodio","Texto","5.808.461","75","No entra al modelo. Calculado con datos del alta. Se guarda para análisis complementario."
"IR_29301_MORTALIDAD","Riesgo de mortalidad calculado por el sistema GRD usando diagnósticos y procedimientos al alta","Texto","5.808.461","75","PROHIBIDO en el modelo. Usarlo equivaldría a copiar el resultado de otro sistema en vez de aprender."
