"Variable nueva","Se construye a partir de...","¿Entra al modelo?","Qué mide","Por qué se crea"
"ID_EPISODIO","Año del archivo + número de línea + huella digital del contenido de la fila","NO — solo para uso interno","Identificador único por hospitalización, inexistente en los datos originales","Los datos de FONASA no traen ningún identificador por registro. Sin esto no se pueden cruzar tablas ni rastrear pacientes entre hospitalizaciones."
"EDAD_ANIOS","FECHA_INGRESO y FECHA_NACIMIENTO","SÍ","Edad exacta del paciente en años completos al momento del ingreso","La edad es uno de los predictores más importantes del riesgo clínico. Se calcula en el código para evitar depender de un campo que puede contener errores."
"ANIO_EGRESO","FECHAALTA","NO — llave de partición temporal","Año en que el paciente fue dado de alta","Permite separar los datos por año para el entrenamiento (2019–2022), la calibración (2023) y la prueba definitiva (2024)."
"MES_INGRESO","FECHA_INGRESO","SÍ","Mes del año en que el paciente fue hospitalizado (1 a 12)","La demanda hospitalaria varía según la época del año. El mes de ingreso captura esa variación sin usar la fecha exacta, que contiene demasiado ruido."
"DIA_SEMANA","FECHA_INGRESO","SÍ","Día de la semana en que ingresó el paciente (0=lunes, 6=domingo)","La atención hospitalaria cambia entre días hábiles y fines de semana. Esta variable ayuda al modelo a capturar ese efecto."
"ES_FIN_SEMANA","DIA_SEMANA","SÍ","Indica si el ingreso fue sábado o domingo (1) o no (0)","Los ingresos en fin de semana están asociados a menor disponibilidad de especialistas y a veces a mayores tasas de mortalidad."
"FLAG_PANDEMIA","ANIO_EGRESO","NO — solo análisis de sensibilidad","Indica si el egreso ocurrió durante 2020 o 2021 (1) o en otro año (0)","La pandemia COVID-19 alteró radicalmente los patrones hospitalarios en esos dos años. No entra al modelo principal, pero permite analizar si los resultados cambian cuando se excluyen esos años."
"N_EGRESOS_12M","CIP_ENCRIPTADO y FECHAALTA de episodios anteriores del mismo paciente","SÍ","Número de veces que el paciente fue hospitalizado en los 12 meses anteriores al ingreso actual","Un paciente con múltiples hospitalizaciones recientes tiene una carga de enfermedad mayor que uno sin antecedentes, aunque sus diagnósticos actuales sean similares."
"DIAS_DESDE_EGRESO_PREVIO","CIP_ENCRIPTADO y FECHAALTA del episodio inmediatamente anterior del mismo paciente","SÍ","Días transcurridos desde la última hospitalización del paciente","Un reingreso en muy pocos días indica inestabilidad clínica o complicaciones. Esta variable captura esa señal."
"HISTORIA_DISPONIBLE","CIP_ENCRIPTADO y FECHA_INGRESO","SÍ","Indica si se tienen 12 meses completos de historial del paciente (1=sí, 0=no)","Los datos comienzan en enero de 2019. Un paciente que ingresa ese mismo mes aparecería con cero hospitalizaciones previas, no porque sea sano sino porque no hay datos anteriores. Esta variable le avisa al modelo cuándo la historia está incompleta."
"ESTANCIA","FECHAALTA y FECHA_INGRESO","SÍ — es el resultado a predecir por el modelo de estadía","Días de hospitalización (alta menos ingreso)","No hay una columna directa de días de estadía en los datos. Se calcula restando las fechas."
"MORTALIDAD_BINARIA","TIPOALTA (tipo de alta del paciente)","SÍ — es el resultado a predecir por el modelo de mortalidad","Indica si el paciente falleció durante la hospitalización (1) o sobrevivió (0). Los trasladados quedan como valor desconocido.","No se puede asignar 'falleció' o 'sobrevivió' directamente de TIPOALTA porque hay casos ambiguos como traslados o alta domiciliaria. Se requiere un mapeo explícito."
"ESTADO_CENSURA","TIPOALTA","SÍ — determina qué episodios se incluyen en el modelo de mortalidad","Clasifica cada egreso como: sobreviviente, fallecido, o desenlace desconocido (traslado o alta a domicilio)","Identificar correctamente los casos con desenlace desconocido evita que el modelo los clasifique incorrectamente como sobrevivientes."
"ELIX_01 — Insuficiencia cardíaca","DIAGNOSTICO2 a DIAGNOSTICO35","SÍ","Indica si el paciente tiene insuficiencia cardíaca congestiva (1=sí, 0=no)","Parte del Índice de Elixhauser. Los pacientes con insuficiencia cardíaca tienen mayor riesgo de mortalidad y estadías más largas."
"ELIX_02 — Arritmias cardíacas","DIAGNOSTICO2 a DIAGNOSTICO35","SÍ","Indica si el paciente tiene arritmias cardíacas (1=sí, 0=no)","Parte del Índice de Elixhauser. Nota: esta condición tiene alta probabilidad de desarrollarse durante la hospitalización, por lo que se excluye en el análisis de sensibilidad."
"ELIX_03 a ELIX_31","DIAGNOSTICO2 a DIAGNOSTICO35","SÍ — las 29 categorías restantes","Una variable binaria por cada una de las 31 condiciones del Índice de Elixhauser: valvulopatía, hipertensión, diabetes, insuficiencia renal, cáncer, obesidad, depresión, etc.","El Índice de Elixhauser es el estándar internacional para medir las enfermedades previas del paciente. Las 31 variables separadas permiten que el modelo detecte interacciones entre enfermedades."
"SCORE_VANWALRAVEN","ELIX_01 a ELIX_31","SÍ","Suma ponderada de las 31 condiciones Elixhauser. Cada condición tiene un puntaje según su impacto en la mortalidad.","Complementa las 31 variables individuales con un resumen numérico. Los dos indicadores juntos dan más información al modelo que cualquiera de los dos por separado."
"N_COMORB_ELIX","ELIX_01 a ELIX_31","SÍ","Número de condiciones Elixhauser que tiene el paciente (de 0 a 31)","Un conteo simple de cuántas enfermedades previas tiene el paciente. Complementa el puntaje ponderado."
"N_DX_TOTAL","DIAGNOSTICO1 a DIAGNOSTICO35","NO — solo análisis de auditoría","Número total de diagnósticos registrados para el episodio","No entra al modelo porque un hospital que documenta más enfermedades no es necesariamente más grave; puede ser simplemente más exhaustivo en la codificación."
"GRUPO_CLINICO","DIAGNOSTICO1","SÍ","Categoría amplia del diagnóstico principal (ej. enfermedades respiratorias, circulatorias, etc.)","Con 9.500 códigos distintos, el diagnóstico principal es demasiado fragmentado. La categoría amplia agrupa esos códigos en ~22 grupos estables que el modelo puede aprender bien."
"CIE10_3C","DIAGNOSTICO1","SÍ","Primeros 3 caracteres del código CIE-10 del diagnóstico principal","Más específico que la categoría amplia pero más estable que el código completo. Agrupa los 9.500 códigos en ~1.400 categorías, que ofrecen señal clínica sin causar sobreajuste."
"DERIVADO_OTRO_HOSPITAL","HOSPPROCEDENCIA","CONDICIONAL — requiere verificación","Indica si el paciente llegó derivado desde otro hospital (1) o no (0)","Llegar derivado de otro hospital suele indicar mayor complejidad clínica. Esta variable lo captura de forma simple."
"NIVEL_CUIDADO_INGRESO","SERVICIOINGRESO","CONDICIONAL — requiere verificación","Indica si el paciente ingresó directamente a UCI, UTI u otra unidad de cuidados especiales","Ingresar directo a UCI puede reflejar gravedad real del paciente, pero también la disponibilidad de camas del hospital. Se requiere verificar cuál efecto predomina antes de incluirlo."
"ESPECIALIDAD_MACRO","ESPECIALIDAD_MEDICA","CONDICIONAL — requiere verificación","Agrupa las 158 especialidades en grupos más amplios","Las 158 especialidades están tan relacionadas con la organización interna de cada hospital que usarlas directamente identificaría al establecimiento indirectamente."
"PROCEDENCIA_AGR","TIPO_PROCEDENCIA","SÍ","Agrupa las 25 categorías de procedencia en 3: llegó por urgencia, fue derivado de otro hospital, o llegó de forma programada","Las 25 categorías originales tienen demasiados valores con muy pocos casos. Los 3 grupos conservan el significado clínico importante y permiten que el modelo aprenda bien."
"GRD_BASE","IR_29301_COD_GRD","NO — solo filtro de cohorte","Código GRD sin el dígito de severidad al final","Se usa para excluir los grupos GRD de recién nacidos y partos sin complicación de la cohorte. No es predictor por circularidad con el agrupador GRD."
"MDC","IR_29301_COD_GRD","NO — solo filtro de cohorte","Categoría Mayor de Diagnóstico: la gran categoría clínica del episodio","Permite identificar con precisión los episodios de neonatología (MDC 15) y obstetricia normal (MDC 14) para excluirlos."
"PUEBLO_ORIGINARIO","ETNIA","NO — solo análisis de equidad","Indica si el paciente pertenece a un pueblo originario (1) o no (0)","No entra al modelo principal. Se usa para verificar si el sistema genera resultados distintos para este grupo."
"ES_EXTRANJERO","NACIONALIDAD","NO — solo análisis de equidad","Indica si el paciente es extranjero (1) o chileno (0)","No entra al modelo principal."
"TRAMO_FONASA","PREVISION","NO — solo análisis de equidad","Agrupa las 19 categorías de previsión en los tramos estándar de FONASA (A, B, C, D)","No entra al modelo principal."
"INDICE_PRIVACION","COMUNA","NO — solo análisis de equidad","Nivel de vulnerabilidad económica de la comuna del paciente, según fuente oficial","No entra al modelo principal. Se usa para analizar si el indicador O/E varía según el nivel socioeconómico de los pacientes."
