"Variable","¿Para qué sirve?","¿Entra al modelo?","¿Qué nuevas variables genera?","Motivo"
"COD_HOSPITAL","Identifica el hospital donde ocurrió la hospitalización","NO — solo para agrupar resultados al final","—","Si el modelo lo usara, aprendería el historial del hospital en vez del riesgo del paciente."
"CIP_ENCRIPTADO","Identifica al paciente entre hospitalizaciones distintas","NO — solo para rastrear historial","N_EGRESOS_12M, DIAS_DESDE_EGRESO_PREVIO, HISTORIA_DISPONIBLE, ESTADO_CENSURA, ID_EPISODIO","La identidad del paciente no es un predictor clínico. Se usa para construir variables de historial."
"SEXO","Sexo del paciente","SÍ","—","Conocido al momento del ingreso. Sin valores faltantes."
"FECHA_NACIMIENTO","Fecha de nacimiento del paciente","NO — se transforma","EDAD_ANIOS","La fecha exacta no es útil para el modelo, pero permite calcular la edad al ingreso."
"ETNIA","Pertenencia a pueblo originario","NO — fuera del modelo principal","PUEBLO_ORIGINARIO (solo para análisis de equidad)","No entra al modelo. Queda reservada para verificar si el sistema es justo con distintos grupos."
"PROVINCIA","Provincia de residencia","NO — fuera del modelo principal","—","En Chile la provincia identifica casi directamente al hospital, lo que contaminaría el modelo."
"COMUNA","Comuna de residencia","NO — fuera del modelo principal","INDICE_PRIVACION (solo para análisis de equidad)","Mismo motivo que PROVINCIA."
"NACIONALIDAD","Nacionalidad del paciente","NO — fuera del modelo principal","ES_EXTRANJERO (solo para análisis de equidad)","No entra al modelo principal."
"PREVISION","Sistema de salud (FONASA, ISAPRE, etc.)","NO — fuera del modelo principal","TRAMO_FONASA (solo para análisis de equidad)","Proxy del nivel socioeconómico. No entra al modelo principal."
"SERVICIO_SALUD","Macrorred de salud del hospital","NO — solo para agrupar resultados","—","Identifica al establecimiento. Usarlo como predictor reintroduciría el efecto del hospital."
"TIPO_PROCEDENCIA","Origen del paciente al ingresar","SÍ — versión agrupada","PROCEDENCIA_AGR (3 categorías: urgencia, derivado, programado)","25 categorías distintas se agrupan en 3 para que el modelo aprenda mejor."
"TIPO_INGRESO","Si el ingreso fue urgente o programado","SÍ","—","Conocido al ingreso. Sin valores faltantes."
"ESPECIALIDAD_MEDICA","Especialidad médica del episodio","CONDICIONAL — requiere verificación","ESPECIALIDAD_MACRO","Puede reflejar la organización interna del hospital más que el perfil clínico del paciente."
"TIPO_ACTIVIDAD","Tipo de hospitalización (ambulatoria, hospitalización, etc.)","SÍ","—","Permite excluir cirugías ambulatorias del modelo de estadía."
"FECHA_INGRESO","Fecha exacta del ingreso","NO — se transforma","ESTANCIA, EDAD_ANIOS, MES_INGRESO, DIA_SEMANA, ES_FIN_SEMANA","La fecha absoluta no es útil. Sus derivadas sí."
"SERVICIOINGRESO","Unidad donde ingresó el paciente (UCI, medicina, etc.)","CONDICIONAL — requiere verificación","NIVEL_CUIDADO_INGRESO","Ingresar directo a UCI puede reflejar infraestructura del hospital, no gravedad del paciente."
"FECHATRASLADO1 a FECHATRASLADO9","Fechas de traslados internos","NO — prohibida","—","Ocurren después del ingreso. Solo se usan para detectar si el episodio fue censurado."
"SERVICIOTRASLADO1 a SERVICIOTRASLADO9","Unidades de destino de traslados internos","NO — prohibida","—","Mismo motivo que las fechas de traslado."
"FECHAALTA","Fecha de egreso del paciente","NO — se transforma","ESTANCIA, ANIO_EGRESO","No entra al modelo. Se usa para calcular días de estadía y el año de egreso."
"SERVICIOALTA","Unidad que dio el alta","NO — prohibida","—","Información de egreso. No se conoce al momento del ingreso."
"TIPOALTA","Motivo del alta: recuperado, fallecido, trasladado, etc.","NO — se transforma","MORTALIDAD_BINARIA, ESTADO_CENSURA","Es exactamente el resultado que el modelo predice. No puede ser predictor."
"CONDICIONDEALTANEONATO1","Estado del recién nacido al alta","NO — solo filtro","—","Permite identificar episodios de recién nacidos para excluirlos."
"PESORN1, SEXORN1, RN1ESTADO","Datos del primer recién nacido","NO","—","Solo aplica a maternidad, que se excluye del análisis."
"CONDICIONDEALTANEONATO2","Estado del segundo recién nacido al alta","NO — solo filtro","—","Permite identificar partos múltiples."
"PESORN2, SEXORN2, RN2ESTADO","Datos del segundo recién nacido","NO","—","Mismo motivo. Además, RN2ESTADO tiene desalineación de columnas entre años."
"CONDICIONDEALTANEONATO3 y 4","Estado del tercer y cuarto recién nacido","NO","—","Columnas completamente vacías en todos los años. Sin información."
"PESORN3/4, SEXORN3/4, RN3/4ESTADO","Datos del tercer y cuarto recién nacido","NO","—","Columnas con desalineación severa o sin significado documentado."
"DIAGNOSTICO1","Diagnóstico principal: motivo del ingreso (código CIE-10)","SÍ — versión simplificada","CIE10_3C (3 caracteres), GRUPO_CLINICO (categoría amplia)","Los 9.500 códigos distintos se agrupan en dos niveles para evitar sobreajuste."
"DIAGNOSTICO2 a DIAGNOSTICO35","Diagnósticos secundarios: enfermedades previas (código CIE-10)","NO — se transforman","ELIX_01 a ELIX_31, SCORE_VANWALRAVEN, N_COMORB_ELIX, N_DX_TOTAL","Se usan para calcular el Índice de Elixhauser de 31 comorbilidades."
"PROCEDIMIENTO1 a PROCEDIMIENTO30","Procedimientos realizados durante la hospitalización","NO — prohibidos","—","Ocurren después del ingreso. Si entraran, el modelo haría trampa."
"MEDICOINTERV1_ENCRIPTADO","Médico que realizó la intervención","NO — prohibido","—","Evento posterior al ingreso. El objetivo es evaluar hospitales, no médicos."
"FECHAPROCEDIMIENTO1","Fecha del primer procedimiento","NO — descartada","—","Solo 9 valores; tienen estructura de RUT, no de fecha. Descartada por error y riesgo de privacidad."
"FECHAINTERV1","Fecha de la intervención quirúrgica","NO — prohibida","—","Posterior al ingreso."
"ESPECIALIDADINTERVENCION","Especialidad de la intervención","NO — prohibida","—","Posterior al ingreso."
"MEDICOALTA_ENCRIPTADO","Médico que firmó el alta","NO — prohibido","—","Registrado al alta. No es información de ingreso."
"USOSPABELLON","Uso de quirófano durante la hospitalización","NO — prohibido","—","Posterior al ingreso."
"IR_29301_COD_GRD","Código del GRD asignado al episodio","NO — solo filtro","GRD_BASE, MDC","Se usa para excluir recién nacidos y partos normales. No puede ser predictor por circularidad."
"IR_29301_PESO","Peso relativo del GRD","NO — solo análisis auxiliar","—","Calculado con datos del alta. Se guarda para análisis comparativo, no para el modelo."
"IR_29301_SEVERIDAD","Severidad asignada por el sistema GRD","NO — solo análisis auxiliar","—","Mismo motivo que IR_29301_PESO."
"IR_29301_MORTALIDAD","Riesgo de mortalidad calculado por el sistema GRD","NO — PROHIBIDO","—","Copiar este valor como predictor equivaldría a reproducir el sistema GRD existente. Completamente prohibido."
"HOSPPROCEDENCIA","Hospital de origen cuando el paciente fue derivado","SÍ — versión binaria","DERIVADO_OTRO_HOSPITAL","Conocido al ingreso. Indica si el paciente viene de otro establecimiento."
