"Categoría del problema","Columna(s) afectada(s)","Descripción del problema","Registros afectados","Cómo lo resuelve el código"
"Formato de fecha incorrecto","FECHA_INGRESO, FECHAALTA","Estas columnas vienen en formato día-mes-año, distinto al formato año-mes-día de FECHA_NACIMIENTO. Si no se unifican, los cálculos de días producen resultados incorrectos.","Todos los registros","El código convierte estas columnas al formato estándar año-mes-día durante la etapa de limpieza."
"Fecha de alta anterior al ingreso","FECHAALTA, FECHA_INGRESO","18 registros tienen fecha de alta antes de la fecha de ingreso, lo que es biológicamente imposible. Corresponde a errores de digitación.","18 registros","Se anula únicamente el cálculo de días de estadía para esos 18 episodios. El resto de la información del paciente se conserva."
"Edad negativa o imposible","FECHA_NACIMIENTO, FECHA_INGRESO","Algunos registros tienen fecha de nacimiento posterior al ingreso (edad negativa) o una edad calculada mayor a 110 años.","Menos de 500 registros estimados","Se anula únicamente el valor de edad para ese registro. El episodio completo con todos sus diagnósticos se conserva."
"Separador decimal incorrecto","IR_29301_PESO","Los valores de esta columna usan coma como separador decimal en lugar de punto. El sistema los lee como texto en vez de número.","Todos los registros","El código reemplaza la coma por punto antes de convertir el valor a número."
"Procedimientos leídos como números","PROCEDIMIENTO1 a PROCEDIMIENTO30","Los códigos de procedimientos quirúrgicos comienzan con cero (ej. 00.17). Al leerlos como números, el cero inicial desaparece y el código queda irreconocible.","Millones de registros","El código lee todos los procedimientos como texto. Nunca como número."
"Códigos de diagnóstico en minúsculas","DIAGNOSTICO1 a DIAGNOSTICO35","Algunos diagnósticos están escritos en minúsculas. El mismo diagnóstico aparece como 'j18.0' y 'J180', contando como dos categorías distintas.","Estimado: miles de registros","Todos los diagnósticos se convierten a mayúsculas y se eliminan los puntos internos."
"Tildes y caracteres especiales en diagnósticos","DIAGNOSTICO1 a DIAGNOSTICO35","Algunos códigos tienen tildes en letras que no deberían tenerlas, como 'Ó30' en vez de 'O30'. Esto hace que el sistema no los reconozca.","Estimado: cientos de registros","El código elimina todos los acentos y tildes de los diagnósticos."
"Espacios extras en diagnósticos","DIAGNOSTICO1 a DIAGNOSTICO35","Algunos diagnósticos tienen espacios al inicio o al final (ej. 'I48 '). Esto hace que 'I48' e 'I48 ' sean tratados como diagnósticos distintos.","Estimado: miles de registros","El código elimina espacios al inicio y final de cada valor de diagnóstico."
"Categoría de etnia duplicada","ETNIA","La categoría 'OTRO' aparece escrita como 'OTRO' y como 'Otro', generando dos conteos separados que deberían ser uno.","Aproximadamente 2.338.666 registros en total entre las dos formas","La normalización de texto (mayúsculas + eliminación de tildes) unifica ambas formas automáticamente."
"Tipo de dato cambia entre años","PROCEDIMIENTO2","En algunos años esta columna es leída como texto y en otros como número. Cuando se lee como número, los ceros iniciales de los códigos desaparecen.","Afecta los años donde se infiere como número","La ingesta fuerza la lectura como texto para todos los años y todos los procedimientos."
"Columnas completamente vacías","CONDICIONDEALTANEONATO3, CONDICIONDEALTANEONATO4","Estas dos columnas no tienen ningún valor registrado en ninguno de los seis años de datos.","0 registros con información","Se descartan desde la primera etapa del procesamiento."
"Columnas con desalineación entre años","RN2ESTADO, RN3ESTADO, RN4ESTADO","Estas columnas tienen cientos de miles de valores cuando las columnas relacionadas tienen solo 1.576 o cero registros. Indica que las columnas están desplazadas entre años.","Columnas completas afectadas","Se descartan por tener datos en la columna equivocada."
"Dato de identificación personal en columna de fecha","FECHAPROCEDIMIENTO1","Esta columna debería tener fechas, pero 9 de sus valores tienen estructura de RUT chileno (identificador personal).","9 registros","El código detecta estos valores, los aísla sin escribirlos en ningún archivo de registro, y descarta la columna completa. Solo documenta que encontró 9 valores sospechosos."
"Columna sin diccionario de valores","RN1ESTADO","Esta columna tiene casi 2 millones de valores con números como '10' que no corresponden a ningún código documentado en manuales clínicos.","1.919.691 registros con valores sin significado","Se descarta completamente por semántica desconocida."
"Nombre de columna diferente en 2019","CIP_ENCRIPTADO (desde 2020) / ID_BENEFICIARIO (en 2019)","El identificador del paciente se llamaba de forma distinta en el primer año. Sin corregirlo, no se puede rastrear a un paciente de 2019 con sus episodios de años siguientes.","Todo el archivo del año 2019","El código detecta automáticamente el nombre antiguo y lo renombra al nombre estándar durante la ingesta del año 2019."
"Desajuste de pares en traslados","FECHATRASLADO2, SERVICIOTRASLADO2 (y otros pares)","Varios pares de columnas fecha-servicio de traslados tienen conteos distintos. Por ejemplo, FECHATRASLADO2 tiene 333.365 valores mientras SERVICIOTRASLADO2 tiene 333.372.","Hasta 7 registros por par","Se documentan las discrepancias. Estas columnas no se usan como predictores; solo para identificar si el episodio fue censurado."
"Nulos en el identificador del paciente","CIP_ENCRIPTADO","2.044 registros no tienen identificador de paciente, lo que impide construir el historial de esos pacientes.","2.044 registros","Para esos registros, las variables de historial (N_EGRESOS_12M, DIAS_DESDE_EGRESO_PREVIO) quedarán como valor desconocido. El resto del episodio se conserva."
"Nulos en el código GRD","IR_29301_COD_GRD","75 registros no tienen código GRD asignado. Sin este código no se puede verificar si el episodio debe excluirse por corresponder a recién nacido o parto normal.","75 registros","Se excluyen del análisis con documentación explícita."
