"Requisito","Qué hace el sistema","Por qué es importante"
"Verificación de estructura de los archivos de entrada","Antes de procesar cualquier dato, el sistema verifica que cada archivo anual tenga exactamente las 129 columnas esperadas con los nombres correctos. Si falta una columna, el sistema muestra cuál falta y se detiene. Si aparece una columna desconocida, también se detiene hasta que se defina qué hacer con ella.","Un error en la estructura del archivo de entrada puede contaminar silenciosamente todo el procesamiento posterior sin generar ningún aviso. Detectarlo desde el principio evita análisis incorrectos."
"Lectura de datos sin modificaciones ni correcciones automáticas","El sistema lee los archivos tal como vienen de FONASA, sin corregir ni transformar nada. Si una fila está tan dañada que no se puede leer, se guarda aparte con el número de línea exacto y el motivo del problema. Al final, el sistema verifica que la suma de filas correctas más filas rechazadas sea igual al total de líneas del archivo original.","Si el sistema corrigiera automáticamente los datos en esta etapa, no quedaría registro de qué estaba mal en el origen. La verificación matemática garantiza que no se pierde ningún registro sin documentación."
"Auditoría de reglas clínicas en lugar de borrado directo","Cuando el sistema detecta un dato inválido (como una fecha imposible o una edad negativa), no elimina al paciente completo del análisis. Solo anula ese valor específico y lo registra. El resto de la información clínica del paciente se conserva.","Eliminar un episodio completo por un error de digitación en la fecha significa perder todos los diagnósticos, el resultado y el historial de ese paciente. La anulación selectiva preserva la mayor cantidad posible de información válida."
"Cuarentena de datos sensibles sin registro del valor real","Si el sistema detecta datos que parecen identificadores personales (como RUTs) en columnas donde no deberían estar, los aísla de forma silenciosa. En ningún archivo de registro o reporte queda escrito el valor real del dato sensible. Solo se documenta que se encontraron N valores sospechosos en tal columna.","Los datos de salud son especialmente sensibles. Aunque la información ya es anónima, cualquier dato con estructura de identificador personal debe manejarse con el máximo cuidado para evitar filtraciones accidentales."
"Los datos limpios nunca vuelven al archivo original","A partir de la etapa de limpieza, el sistema trabaja exclusivamente sobre los datos ya procesados. El código tiene prohibido volver a leer los archivos de texto originales de FONASA en cualquier etapa posterior.","Mezclar los datos originales con los datos procesados puede introducir inconsistencias difíciles de detectar. La separación estricta entre etapas garantiza que cada paso parta siempre de una versión controlada de los datos."
"Control de variables prohibidas en el modelo","El sistema mantiene una lista de variables que tienen prohibido entrar al modelo (procedimientos quirúrgicos, fechas de intervención, el índice de mortalidad del GRD, entre otras). Si por error alguna de estas variables aparece en la lista de predictores, el proceso se detiene automáticamente con un mensaje de error explícito.","Este control automático previene el error más grave que puede cometerse en un modelo predictivo: usar información del futuro para predecir el presente. Sin esta protección, un error humano podría generar un modelo aparentemente muy bueno que en realidad no sirve para nada."
"Identificador único por episodio","El sistema genera un identificador único para cada registro combinando el año del archivo, el número de línea y una huella digital del contenido. Este identificador es siempre el mismo si se procesan los mismos datos dos veces.","Sin un identificador propio no es posible cruzar tablas de forma confiable ni rastrear a un paciente a través de distintas hospitalizaciones. La consistencia del identificador entre ejecuciones garantiza reproducibilidad."
"Tratamiento correcto de los traslados: resultado desconocido","Al analizar el resultado final de cada episodio, el sistema identifica los pacientes que fueron trasladados a otro hospital antes del alta. Estos casos se marcan como 'desenlace desconocido' porque el registro del hospital de origen no sabe si el paciente finalmente falleció o sobrevivió en el destino. Además, el sistema intenta rastrear si ese mismo paciente reapareció en otro hospital días después para determinar el resultado real.","Clasificar a un paciente trasladado como sobreviviente cuando se desconoce su resultado final subestimaría la mortalidad real de los hospitales que trasladan más pacientes. Esto beneficiaría artificialmente a esos hospitales en el indicador O/E."
"Exclusión de fallecidos del modelo de días de estadía","El modelo que predice cuántos días estará hospitalizado un paciente se entrena únicamente con pacientes que sobrevivieron. Los fallecidos quedan fuera de este entrenamiento específico, aunque se conservan en los datos para otros análisis.","Los pacientes fallecidos tienen estadías cortas porque murieron, no porque su atención fuera más eficiente. Si se incluyeran, el modelo aprendería que los pacientes más graves se van rápido, lo que distorsionaría completamente las predicciones y el indicador de estadía de todos los hospitales."
"Catálogo institucional desde fuente oficial externa","El sistema contrasta los códigos de hospitales encontrados en los datos con una fuente oficial (DEIS o FONASA) para verificar que todos los establecimientos están identificados correctamente y tienen asignado su nivel de complejidad.","Los archivos de FONASA no incluyen el nivel de complejidad de cada hospital (alta, mediana o baja complejidad). Sin esta información no es posible contextualizar correctamente los indicadores O/E de cada establecimiento."
"Índice de Elixhauser con 31 categorías de enfermedades crónicas","El sistema recorre los hasta 34 diagnósticos secundarios de cada paciente y determina cuáles de las 31 enfermedades crónicas del índice Elixhauser están presentes. Para cada una genera una variable binaria (1 si el paciente la tiene, 0 si no la tiene). También calcula un puntaje ponderado que resume el nivel total de comorbilidad.","El diagnóstico principal es el motivo del ingreso y no debe mezclarse con las enfermedades previas. El índice Elixhauser es el estándar internacional más usado para este propósito y es el núcleo del ajuste por riesgo del sistema."
"Índice de Exhaustividad de Codificación ajustado por paciente","El sistema calcula qué tan completa es la documentación de comorbilidades en cada hospital, comparando cuántas enfermedades se registraron para cada paciente frente a cuántas se esperarían según su diagnóstico y edad. Los códigos de factores sociales o embarazos normales se excluyen de este cálculo.","Algunos hospitales documentan más enfermedades que otros no porque sus pacientes sean más graves, sino porque su equipo de codificación es más exhaustivo. Esta diferencia puede distorsionar el indicador O/E si no se mide y controla."
"Partición temporal de los datos para validar el modelo","Los datos se dividen en tres períodos estrictos: 2019–2022 para entrenamiento, 2023 para calibración, y 2024 para prueba. El modelo nunca ve los datos de 2024 durante su construcción.","Validar el modelo con datos que ya vio durante el entrenamiento produce resultados artificialmente optimistas. La partición temporal garantiza que la evaluación refleje el desempeño real del modelo ante datos nuevos, que es el escenario de uso en producción."
"Variables de contexto socioeconómico fuera del modelo principal","Las variables de etnia, previsión de salud, nacionalidad, provincia y comuna se guardan en una tabla separada. No entran al modelo predictivo bajo ninguna circunstancia.","En Chile, la ubicación geográfica y el establecimiento hospitalario están tan relacionados que incluir la comuna del paciente equivaldría a incluir indirectamente el código del hospital. Esto anularía la objetividad del indicador O/E. Estas variables se usan solo para verificar que el sistema no genera resultados distintos según el perfil socioeconómico de los pacientes."
"Registro y reporte de la cascada de exclusiones","Cada vez que se excluyen pacientes del análisis, el sistema cuenta cuántos entran, cuántos salen y por qué, y genera un reporte automático. Al final, verifica que ningún paciente haya desaparecido sin documentación.","Este reporte es el estándar exigido en publicaciones médicas (diagrama CONSORT) para demostrar que la cohorte final es transparente e indiscutible. Garantiza que cualquier evaluador pueda verificar exactamente qué datos se usaron."
"Arquitectura de capas de datos","Los datos se organizan en cuatro capas sucesivas: Cruda (original sin tocar), Bronce (leída en formato optimizado), Plata (limpia y estandarizada) y Oro (con todas las variables del modelo construidas). La base de datos relacional solo almacena el catálogo de hospitales y los resultados finales.","Esta separación garantiza que cada etapa parta de datos controlados, facilita la detección de errores y permite reproducir cualquier paso del procesamiento de forma independiente."
