"Tema","Decisión tomada","Por qué se tomó esta decisión"
"Enfermedades previas del paciente","Se usará el Índice de Elixhauser con 31 categorías de enfermedades crónicas, en lugar de un índice resumen único.","Los datos de FONASA no incluyen un marcador que indique si cada enfermedad ya existía antes del ingreso. Por eso se usa la lista blanca de Elixhauser, que está diseñada específicamente para este escenario y es el estándar internacional más aceptado. Se prefieren 31 variables separadas en vez de un índice único porque los algoritmos de aprendizaje automático pueden detectar interacciones entre enfermedades específicas, algo que un único número no permite capturar."
"Corrección de categoría duplicada en etnia","La categoría 'OTRO' en la variable de etnia aparece escrita de dos formas distintas y debe unificarse antes de cualquier análisis.","El análisis de los datos mostró que la misma categoría tiene dos conteos separados por diferencias de escritura. Sin corregirlo, cualquier estadística sobre etnia estaría dividida artificialmente en dos grupos."
"El hospital como identificador de institución, no como predictor","El código del hospital y el servicio de salud se usan solo para agrupar resultados. Ninguno de los dos entra al modelo predictivo.","Si el modelo supiera en qué hospital está el paciente, aprendería el desempeño histórico del establecimiento en lugar del riesgo clínico del paciente. Eso haría inútil el indicador O/E, que precisamente busca medir cuánto difiere el hospital de lo esperado para sus propios pacientes."
"Variables de contexto institucional requieren verificación previa","El servicio de ingreso y la especialidad médica son condicionales: solo entrarán al modelo si se verifica empíricamente que reflejan el estado del paciente y no la organización interna del hospital.","Estas variables podrían reflejar qué recursos tiene disponibles el hospital más que la gravedad real del paciente al llegar. Incluirlas sin verificar introduciría un sesgo que evaluaría la infraestructura del establecimiento en vez de su desempeño."
"Diagnóstico principal representado en dos niveles de detalle","Se crean dos versiones del diagnóstico principal: una categoría amplia y un código de 3 caracteres más específico.","El diagnóstico principal tiene más de 9.500 códigos distintos. Usar todos directamente causaría que el modelo no aprenda bien porque muchos diagnósticos tienen muy pocos casos. Usar solo categorías amplias perdería señal clínica importante. El doble nivel combina estabilidad estadística con precisión clínica."
"Circularidad: el código GRD como filtro, no como predictor","El código GRD se usa para excluir pacientes fuera del alcance del análisis (recién nacidos, partos normales), pero nunca como variable predictora.","El código GRD es asignado por un sistema que ya conoce todos los diagnósticos y procedimientos al alta. Usarlo como predictor equivaldría a que el modelo copiara un resultado ya calculado en lugar de aprender por sí mismo."
"El índice de mortalidad del agrupador GRD está prohibido","La columna que contiene el riesgo de mortalidad calculado por el sistema GRD está completamente prohibida como variable del modelo.","Este valor es calculado por el agrupador GRD usando los diagnósticos y procedimientos al alta. Usarlo significaría copiar directamente un resultado preexistente. El modelo dejaría de aprender y el proyecto perdería todo su valor."
"Formato de almacenamiento de los datos procesados","Los datos procesados se guardarán en formato Parquet, particionados por año. La base de datos PostgreSQL solo se usará para el catálogo de hospitales y los resultados finales agregados.","El formato Parquet permite procesar grandes volúmenes de datos mucho más rápido que los archivos de texto originales, y ocupa significativamente menos espacio en disco. Los registros individuales de pacientes nunca se guardarán en la base de datos relacional, que no está diseñada para manejar millones de filas."
"Verificación del número real de hospitales","Se verificará cuántos hospitales distintos aparecen en los datos reales y se comparará con los 68 establecimientos declarados en los informes oficiales.","El análisis exploratorio puede revelar hospitales no declarados o centros sin clasificación de complejidad. Si la cantidad real difiere, el alcance del sistema debe ajustarse antes de continuar."
"Construcción de identificador único por episodio","Se creará un identificador único por episodio combinando el año del archivo, el número de línea y una huella digital del contenido de la fila.","Los datos de FONASA no incluyen ningún identificador por registro. Sin un ID propio no es posible rastrear a un mismo paciente entre distintas hospitalizaciones ni cruzar tablas de forma confiable."
"Resolución de la cohorte: traslados entrantes","Los pacientes que llegan como traslado desde otro hospital se marcan como desenlace desconocido. No se eliminan, pero no se usan en el modelo de mortalidad.","El episodio en el hospital receptor solo refleja la segunda parte de la hospitalización. Incluirlo como un caso independiente distorsionaría tanto el conteo de casos como el indicador O/E del hospital receptor."
