num,columna,bloque,rol_canonico,n_con_datos,n_sin_datos,pct_completitud
1,COD_HOSPITAL,Identificación y Red,LLAVE_AGREGACION,5808536,0,100.0
2,CIP_ENCRIPTADO,Identificación y Red,LLAVE_LONGITUDINAL,5806492,2044,99.96
3,SEXO,Demografía y Social,FEATURE_BASAL,5808536,0,100.0
4,FECHA_NACIMIENTO,Demografía y Social,FUENTE_DERIVADA,5808536,0,100.0
5,ETNIA,Demografía y Social,AUDITORIA_SENSIBILIDAD,5808536,0,100.0
6,PROVINCIA,Demografía y Social,FUENTE_DERIVADA,5808536,0,100.0
7,COMUNA,Demografía y Social,FUENTE_DERIVADA,5808536,0,100.0
8,NACIONALIDAD,Demografía y Social,FUENTE_DERIVADA,5808536,0,100.0
9,PREVISION,Demografía y Social,FUENTE_DERIVADA,5808536,0,100.0
10,SERVICIO_SALUD,Identificación y Red,LLAVE_AGREGACION,5808536,0,100.0
11,TIPO_PROCEDENCIA,Contexto de Ingreso,FUENTE_DERIVADA,5808536,0,100.0
12,TIPO_INGRESO,Contexto de Ingreso,FEATURE_BASAL,5808536,0,100.0
13,ESPECIALIDAD_MEDICA,Contexto de Ingreso,CONDICIONAL_VERIFICACION,5808536,0,100.0
14,TIPO_ACTIVIDAD,Contexto de Ingreso,FILTRO_COHORTE,5808536,0,100.0
15,FECHA_INGRESO,Contexto de Ingreso,FUENTE_DERIVADA,5808536,0,100.0
16,SERVICIOINGRESO,Contexto de Ingreso,CONDICIONAL_VERIFICACION,5808533,3,100.0
17,FECHATRASLADO1,Traslados Internos,PROHIBIDA_FUGA,1001017,4807519,17.23
18,SERVICIOTRASLADO1,Traslados Internos,PROHIBIDA_FUGA,1001016,4807520,17.23
19,FECHATRASLADO2,Traslados Internos,PROHIBIDA_FUGA,333365,5475171,5.74
20,SERVICIOTRASLADO2,Traslados Internos,PROHIBIDA_FUGA,333372,5475164,5.74
21,FECHATRASLADO3,Traslados Internos,PROHIBIDA_FUGA,103618,5704918,1.78
22,SERVICIOTRASLADO3,Traslados Internos,PROHIBIDA_FUGA,103621,5704915,1.78
23,FECHATRASLADO4,Traslados Internos,PROHIBIDA_FUGA,37348,5771188,0.64
24,SERVICIOTRASLADO4,Traslados Internos,PROHIBIDA_FUGA,37348,5771188,0.64
25,FECHATRASLADO5,Traslados Internos,PROHIBIDA_FUGA,13750,5794786,0.24
26,SERVICIOTRASLADO5,Traslados Internos,PROHIBIDA_FUGA,13751,5794785,0.24
27,FECHATRASLADO6,Traslados Internos,PROHIBIDA_FUGA,6200,5802336,0.11
28,SERVICIOTRASLADO6,Traslados Internos,PROHIBIDA_FUGA,6200,5802336,0.11
29,FECHATRASLADO7,Traslados Internos,PROHIBIDA_FUGA,3073,5805463,0.05
30,SERVICIOTRASLADO7,Traslados Internos,PROHIBIDA_FUGA,3073,5805463,0.05
31,FECHATRASLADO8,Traslados Internos,PROHIBIDA_FUGA,1693,5806843,0.03
32,SERVICIOTRASLADO8,Traslados Internos,PROHIBIDA_FUGA,1693,5806843,0.03
33,FECHATRASLADO9,Traslados Internos,PROHIBIDA_FUGA,973,5807563,0.02
34,SERVICIOTRASLADO9,Traslados Internos,PROHIBIDA_FUGA,973,5807563,0.02
35,FECHAALTA,Egreso y Neonatal,TARGET_DERIVADA,5808518,18,100.0
36,SERVICIOALTA,Egreso y Neonatal,PROHIBIDA_FUGA,5808536,0,100.0
37,TIPOALTA,Egreso y Neonatal,TARGET_DERIVADA,5808536,0,100.0
38,CONDICIONDEALTANEONATO1,Egreso y Neonatal,DESCARTAR,128946,5679590,2.22
39,PESORN1,Egreso y Neonatal,DESCARTAR,795973,5012563,13.7
40,SEXORN1,Egreso y Neonatal,DESCARTAR,647342,5161194,11.14
41,RN1ESTADO,Egreso y Neonatal,DESCARTAR,1919691,3888845,33.05
42,CONDICIONDEALTANEONATO2,Egreso y Neonatal,DESCARTAR,1576,5806960,0.03
43,PESORN2,Egreso y Neonatal,DESCARTAR,8596,5799940,0.15
44,SEXORN2,Egreso y Neonatal,DESCARTAR,8591,5799945,0.15
45,RN2ESTADO,Egreso y Neonatal,DESCARTAR,1444072,4364464,24.86
46,CONDICIONDEALTANEONATO3,Egreso y Neonatal,DESCARTAR,0,5808536,0.0
47,PESORN3,Egreso y Neonatal,DESCARTAR,75,5808461,0.0
48,SEXORN3,Egreso y Neonatal,DESCARTAR,75,5808461,0.0
49,RN3ESTADO,Egreso y Neonatal,DESCARTAR,1437610,4370926,24.75
50,CONDICIONDEALTANEONATO4,Egreso y Neonatal,DESCARTAR,0,5808536,0.0
51,PESORN4,Egreso y Neonatal,DESCARTAR,1,5808535,0.0
52,SEXORN4,Egreso y Neonatal,DESCARTAR,2,5808534,0.0
53,RN4ESTADO,Egreso y Neonatal,DESCARTAR,1437552,4370984,24.75
54,DIAGNOSTICO1,Diagnósticos,FUENTE_DERIVADA,5808456,80,100.0
55,DIAGNOSTICO2,Diagnósticos,FUENTE_DERIVADA,5013342,795194,86.31
56,DIAGNOSTICO3,Diagnósticos,FUENTE_DERIVADA,4212267,1596269,72.52
57,DIAGNOSTICO4,Diagnósticos,FUENTE_DERIVADA,3458008,2350528,59.53
58,DIAGNOSTICO5,Diagnósticos,FUENTE_DERIVADA,2744234,3064302,47.24
59,DIAGNOSTICO6,Diagnósticos,FUENTE_DERIVADA,2139254,3669282,36.83
60,DIAGNOSTICO7,Diagnósticos,FUENTE_DERIVADA,1649276,4159260,28.39
61,DIAGNOSTICO8,Diagnósticos,FUENTE_DERIVADA,1264031,4544505,21.76
62,DIAGNOSTICO9,Diagnósticos,FUENTE_DERIVADA,967654,4840882,16.66
63,DIAGNOSTICO10,Diagnósticos,FUENTE_DERIVADA,742548,5065988,12.78
64,DIAGNOSTICO11,Diagnósticos,FUENTE_DERIVADA,573145,5235391,9.87
65,DIAGNOSTICO12,Diagnósticos,FUENTE_DERIVADA,445318,5363218,7.67
66,DIAGNOSTICO13,Diagnósticos,FUENTE_DERIVADA,347407,5461129,5.98
67,DIAGNOSTICO14,Diagnósticos,FUENTE_DERIVADA,272849,5535687,4.7
68,DIAGNOSTICO15,Diagnósticos,FUENTE_DERIVADA,214807,5593729,3.7
69,DIAGNOSTICO16,Diagnósticos,FUENTE_DERIVADA,170092,5638444,2.93
70,DIAGNOSTICO17,Diagnósticos,FUENTE_DERIVADA,135074,5673462,2.33
71,DIAGNOSTICO18,Diagnósticos,FUENTE_DERIVADA,107710,5700826,1.85
72,DIAGNOSTICO19,Diagnósticos,FUENTE_DERIVADA,86224,5722312,1.48
73,DIAGNOSTICO20,Diagnósticos,FUENTE_DERIVADA,68946,5739590,1.19
74,DIAGNOSTICO21,Diagnósticos,FUENTE_DERIVADA,55191,5753345,0.95
75,DIAGNOSTICO22,Diagnósticos,FUENTE_DERIVADA,44390,5764146,0.76
76,DIAGNOSTICO23,Diagnósticos,FUENTE_DERIVADA,35817,5772719,0.62
77,DIAGNOSTICO24,Diagnósticos,FUENTE_DERIVADA,28984,5779552,0.5
78,DIAGNOSTICO25,Diagnósticos,FUENTE_DERIVADA,23410,5785126,0.4
79,DIAGNOSTICO26,Diagnósticos,FUENTE_DERIVADA,18994,5789542,0.33
80,DIAGNOSTICO27,Diagnósticos,FUENTE_DERIVADA,15357,5793179,0.26
81,DIAGNOSTICO28,Diagnósticos,FUENTE_DERIVADA,12546,5795990,0.22
82,DIAGNOSTICO29,Diagnósticos,FUENTE_DERIVADA,10165,5798371,0.18
83,DIAGNOSTICO30,Diagnósticos,FUENTE_DERIVADA,8227,5800309,0.14
84,DIAGNOSTICO31,Diagnósticos,FUENTE_DERIVADA,6580,5801956,0.11
85,DIAGNOSTICO32,Diagnósticos,FUENTE_DERIVADA,5262,5803274,0.09
86,DIAGNOSTICO33,Diagnósticos,FUENTE_DERIVADA,4221,5804315,0.07
87,DIAGNOSTICO34,Diagnósticos,FUENTE_DERIVADA,3360,5805176,0.06
88,DIAGNOSTICO35,Diagnósticos,FUENTE_DERIVADA,2392,5806144,0.04
89,PROCEDIMIENTO1,Procedimientos y Pabellón,PROHIBIDA_FUGA,5790199,18337,99.68
90,PROCEDIMIENTO2,Procedimientos y Pabellón,PROHIBIDA_FUGA,5322441,486095,91.63
91,PROCEDIMIENTO3,Procedimientos y Pabellón,PROHIBIDA_FUGA,4839134,969402,83.31
92,PROCEDIMIENTO4,Procedimientos y Pabellón,PROHIBIDA_FUGA,4383111,1425425,75.46
93,PROCEDIMIENTO5,Procedimientos y Pabellón,PROHIBIDA_FUGA,3936392,1872144,67.77
94,PROCEDIMIENTO6,Procedimientos y Pabellón,PROHIBIDA_FUGA,3486961,2321575,60.03
95,PROCEDIMIENTO7,Procedimientos y Pabellón,PROHIBIDA_FUGA,3035921,2772615,52.27
96,PROCEDIMIENTO8,Procedimientos y Pabellón,PROHIBIDA_FUGA,2593982,3214554,44.66
97,PROCEDIMIENTO9,Procedimientos y Pabellón,PROHIBIDA_FUGA,2182954,3625582,37.58
98,PROCEDIMIENTO10,Procedimientos y Pabellón,PROHIBIDA_FUGA,1813153,3995383,31.22
99,PROCEDIMIENTO11,Procedimientos y Pabellón,PROHIBIDA_FUGA,1495959,4312577,25.75
100,PROCEDIMIENTO12,Procedimientos y Pabellón,PROHIBIDA_FUGA,1233614,4574922,21.24
101,PROCEDIMIENTO13,Procedimientos y Pabellón,PROHIBIDA_FUGA,1018742,4789794,17.54
102,PROCEDIMIENTO14,Procedimientos y Pabellón,PROHIBIDA_FUGA,847294,4961242,14.59
103,PROCEDIMIENTO15,Procedimientos y Pabellón,PROHIBIDA_FUGA,710846,5097690,12.24
104,PROCEDIMIENTO16,Procedimientos y Pabellón,PROHIBIDA_FUGA,600604,5207932,10.34
105,PROCEDIMIENTO17,Procedimientos y Pabellón,PROHIBIDA_FUGA,510845,5297691,8.79
106,PROCEDIMIENTO18,Procedimientos y Pabellón,PROHIBIDA_FUGA,438127,5370409,7.54
107,PROCEDIMIENTO19,Procedimientos y Pabellón,PROHIBIDA_FUGA,377920,5430616,6.51
108,PROCEDIMIENTO20,Procedimientos y Pabellón,PROHIBIDA_FUGA,327733,5480803,5.64
109,PROCEDIMIENTO21,Procedimientos y Pabellón,PROHIBIDA_FUGA,284956,5523580,4.91
110,PROCEDIMIENTO22,Procedimientos y Pabellón,PROHIBIDA_FUGA,249117,5559419,4.29
111,PROCEDIMIENTO23,Procedimientos y Pabellón,PROHIBIDA_FUGA,218147,5590389,3.76
112,PROCEDIMIENTO24,Procedimientos y Pabellón,PROHIBIDA_FUGA,190748,5617788,3.28
113,PROCEDIMIENTO25,Procedimientos y Pabellón,PROHIBIDA_FUGA,166945,5641591,2.87
114,PROCEDIMIENTO26,Procedimientos y Pabellón,PROHIBIDA_FUGA,146137,5662399,2.52
115,PROCEDIMIENTO27,Procedimientos y Pabellón,PROHIBIDA_FUGA,127780,5680756,2.2
116,PROCEDIMIENTO28,Procedimientos y Pabellón,PROHIBIDA_FUGA,111775,5696761,1.92
117,PROCEDIMIENTO29,Procedimientos y Pabellón,PROHIBIDA_FUGA,97619,5710917,1.68
118,PROCEDIMIENTO30,Procedimientos y Pabellón,PROHIBIDA_FUGA,85253,5723283,1.47
119,MEDICOINTERV1_ENCRIPTADO,Procedimientos y Pabellón,PROHIBIDA_FUGA,3200790,2607746,55.1
120,FECHAPROCEDIMIENTO1,Procedimientos y Pabellón,PROHIBIDA_FUGA,9,5808527,0.0
121,FECHAINTERV1,Procedimientos y Pabellón,PROHIBIDA_FUGA,2934666,2873870,50.52
122,ESPECIALIDADINTERVENCION,Procedimientos y Pabellón,PROHIBIDA_FUGA,3206355,2602181,55.2
123,MEDICOALTA_ENCRIPTADO,Procedimientos y Pabellón,PROHIBIDA_FUGA,5804965,3571,99.94
124,USOSPABELLON,Procedimientos y Pabellón,PROHIBIDA_FUGA,2961309,2847227,50.98
125,IR_29301_COD_GRD,Agrupador IR-GRD,FILTRO_COHORTE,5808536,0,100.0
126,IR_29301_PESO,Agrupador IR-GRD,PROHIBIDA_FUGA,5808536,0,100.0
127,IR_29301_SEVERIDAD,Agrupador IR-GRD,PROHIBIDA_FUGA,5808536,0,100.0
128,IR_29301_MORTALIDAD,Agrupador IR-GRD,PROHIBIDA_FUGA,5808536,0,100.0
129,HOSPPROCEDENCIA,Contexto de Ingreso,CONDICIONAL_VERIFICACION,703854,5104682,12.12
