categoria_id,categoria_nombre,tipo_regla,prefijo_cie10,longitud,rango_desde,rango_hasta,version_cie10,fuente,nota
ELIX_01,Insuficiencia cardíaca congestiva,EXACTO,I099,4,,,OMS-2008,Quan2005-Tabla2-ICD10,
ELIX_01,Insuficiencia cardíaca congestiva,EXACTO,I110,4,,,OMS-2008,Quan2005-Tabla2-ICD10,
ELIX_01,Insuficiencia cardíaca congestiva,EXACTO,I130,4,,,OMS-2008,Quan2005-Tabla2-ICD10,
ELIX_01,Insuficiencia cardíaca congestiva,EXACTO,I132,4,,,OMS-2008,Quan2005-Tabla2-ICD10,
ELIX_01,Insuficiencia cardíaca congestiva,EXACTO,I255,4,,,OMS-2008,Quan2005-Tabla2-ICD10,
ELIX_01,Insuficiencia cardíaca congestiva,EXACTO,I420,4,,,OMS-2008,Quan2005-Tabla2-ICD10,
ELIX_01,Insuficiencia cardíaca congestiva,RANGO,,4,I425,I429,OMS-2008,Quan2005-Tabla2-ICD10,
ELIX_01,Insuficiencia cardíaca congestiva,PREFIJO,I43,3,,,OMS-2008,Quan2005-Tabla2-ICD10,
ELIX_01,Insuficiencia cardíaca congestiva,PREFIJO,I50,3,,,OMS-2008,Quan2005-Tabla2-ICD10,
ELIX_01,Insuficiencia cardíaca congestiva,EXACTO,P290,4,,,OMS-2008,Quan2005-Tabla2-ICD10,
ELIX_02,Arritmias cardíacas,RANGO,,4,I441,I443,OMS-2008,Quan2005-Tabla2-ICD10,
ELIX_02,Arritmias cardíacas,EXACTO,I456,4,,,OMS-2008,Quan2005-Tabla2-ICD10,
ELIX_02,Arritmias cardíacas,EXACTO,I459,4,,,OMS-2008,Quan2005-Tabla2-ICD10,
ELIX_02,Arritmias cardíacas,RANGO,,3,I47,I49,OMS-2008,Quan2005-Tabla2-ICD10,
ELIX_02,Arritmias cardíacas,EXACTO,R000,4,,,OMS-2008,Quan2005-Tabla2-ICD10,
ELIX_02,Arritmias cardíacas,EXACTO,R001,4,,,OMS-2008,Quan2005-Tabla2-ICD10,
ELIX_02,Arritmias cardíacas,EXACTO,R008,4,,,OMS-2008,Quan2005-Tabla2-ICD10,
ELIX_02,Arritmias cardíacas,EXACTO,T821,4,,,OMS-2008,Quan2005-Tabla2-ICD10,Las dos claves del capítulo Z de la fuente (Z45.0 y Z95.0) quedan omitidas por R12.10
ELIX_03,Valvulopatía,EXACTO,A520,4,,,OMS-2008,Quan2005-Tabla2-ICD10,
ELIX_03,Valvulopatía,RANGO,,3,I05,I08,OMS-2008,Quan2005-Tabla2-ICD10,
ELIX_03,Valvulopatía,EXACTO,I091,4,,,OMS-2008,Quan2005-Tabla2-ICD10,
ELIX_03,Valvulopatía,EXACTO,I098,4,,,OMS-2008,Quan2005-Tabla2-ICD10,
ELIX_03,Valvulopatía,RANGO,,3,I34,I39,OMS-2008,Quan2005-Tabla2-ICD10,
ELIX_03,Valvulopatía,RANGO,,4,Q230,Q233,OMS-2008,Quan2005-Tabla2-ICD10,El rango Z95.2-Z95.4 de la fuente queda omitido por R12.10
ELIX_04,Trastornos de la circulación pulmonar,PREFIJO,I26,3,,,OMS-2008,Quan2005-Tabla2-ICD10,
ELIX_04,Trastornos de la circulación pulmonar,PREFIJO,I27,3,,,OMS-2008,Quan2005-Tabla2-ICD10,
ELIX_04,Trastornos de la circulación pulmonar,EXACTO,I280,4,,,OMS-2008,Quan2005-Tabla2-ICD10,
ELIX_04,Trastornos de la circulación pulmonar,EXACTO,I288,4,,,OMS-2008,Quan2005-Tabla2-ICD10,
ELIX_04,Trastornos de la circulación pulmonar,EXACTO,I289,4,,,OMS-2008,Quan2005-Tabla2-ICD10,
ELIX_05,Enfermedad vascular periférica,PREFIJO,I70,3,,,OMS-2008,Quan2005-Tabla2-ICD10,
ELIX_05,Enfermedad vascular periférica,PREFIJO,I71,3,,,OMS-2008,Quan2005-Tabla2-ICD10,
ELIX_05,Enfermedad vascular periférica,EXACTO,I731,4,,,OMS-2008,Quan2005-Tabla2-ICD10,
ELIX_05,Enfermedad vascular periférica,EXACTO,I738,4,,,OMS-2008,Quan2005-Tabla2-ICD10,
ELIX_05,Enfermedad vascular periférica,EXACTO,I739,4,,,OMS-2008,Quan2005-Tabla2-ICD10,
ELIX_05,Enfermedad vascular periférica,EXACTO,I771,4,,,OMS-2008,Quan2005-Tabla2-ICD10,
ELIX_05,Enfermedad vascular periférica,EXACTO,I790,4,,,OMS-2008,Quan2005-Tabla2-ICD10,
ELIX_05,Enfermedad vascular periférica,EXACTO,I792,4,,,OMS-2008,Quan2005-Tabla2-ICD10,
ELIX_05,Enfermedad vascular periférica,EXACTO,K551,4,,,OMS-2008,Quan2005-Tabla2-ICD10,
ELIX_05,Enfermedad vascular periférica,EXACTO,K558,4,,,OMS-2008,Quan2005-Tabla2-ICD10,
ELIX_05,Enfermedad vascular periférica,EXACTO,K559,4,,,OMS-2008,Quan2005-Tabla2-ICD10,Las claves Z95.8 y Z95.9 de la fuente quedan omitidas por R12.10
ELIX_06,Hipertensión no complicada,PREFIJO,I10,3,,,OMS-2008,Quan2005-Tabla2-ICD10,Se agrupa con ELIX_07 sólo para el score (D28)
ELIX_07,Hipertensión complicada,RANGO,,3,I11,I13,OMS-2008,Quan2005-Tabla2-ICD10,Se agrupa con ELIX_06 sólo para el score (D28)
ELIX_07,Hipertensión complicada,PREFIJO,I15,3,,,OMS-2008,Quan2005-Tabla2-ICD10,
ELIX_08,Parálisis,EXACTO,G041,4,,,OMS-2008,Quan2005-Tabla2-ICD10,
ELIX_08,Parálisis,EXACTO,G114,4,,,OMS-2008,Quan2005-Tabla2-ICD10,
ELIX_08,Parálisis,EXACTO,G801,4,,,OMS-2008,Quan2005-Tabla2-ICD10,
ELIX_08,Parálisis,EXACTO,G802,4,,,OMS-2008,Quan2005-Tabla2-ICD10,
ELIX_08,Parálisis,PREFIJO,G81,3,,,OMS-2008,Quan2005-Tabla2-ICD10,
ELIX_08,Parálisis,PREFIJO,G82,3,,,OMS-2008,Quan2005-Tabla2-ICD10,
ELIX_08,Parálisis,RANGO,,4,G830,G834,OMS-2008,Quan2005-Tabla2-ICD10,
ELIX_08,Parálisis,EXACTO,G839,4,,,OMS-2008,Quan2005-Tabla2-ICD10,
ELIX_09,Otros trastornos neurológicos,RANGO,,3,G10,G13,OMS-2008,Quan2005-Tabla2-ICD10,
ELIX_09,Otros trastornos neurológicos,RANGO,,3,G20,G22,OMS-2008,Quan2005-Tabla2-ICD10,
ELIX_09,Otros trastornos neurológicos,EXACTO,G254,4,,,OMS-2008,Quan2005-Tabla2-ICD10,
ELIX_09,Otros trastornos neurológicos,EXACTO,G255,4,,,OMS-2008,Quan2005-Tabla2-ICD10,
ELIX_09,Otros trastornos neurológicos,EXACTO,G312,4,,,OMS-2008,Quan2005-Tabla2-ICD10,
ELIX_09,Otros trastornos neurológicos,EXACTO,G318,4,,,OMS-2008,Quan2005-Tabla2-ICD10,
ELIX_09,Otros trastornos neurológicos,EXACTO,G319,4,,,OMS-2008,Quan2005-Tabla2-ICD10,
ELIX_09,Otros trastornos neurológicos,PREFIJO,G32,3,,,OMS-2008,Quan2005-Tabla2-ICD10,
ELIX_09,Otros trastornos neurológicos,RANGO,,3,G35,G37,OMS-2008,Quan2005-Tabla2-ICD10,
ELIX_09,Otros trastornos neurológicos,PREFIJO,G40,3,,,OMS-2008,Quan2005-Tabla2-ICD10,
ELIX_09,Otros trastornos neurológicos,PREFIJO,G41,3,,,OMS-2008,Quan2005-Tabla2-ICD10,
ELIX_09,Otros trastornos neurológicos,EXACTO,G931,4,,,OMS-2008,Quan2005-Tabla2-ICD10,
ELIX_09,Otros trastornos neurológicos,EXACTO,G934,4,,,OMS-2008,Quan2005-Tabla2-ICD10,
ELIX_09,Otros trastornos neurológicos,EXACTO,R470,4,,,OMS-2008,Quan2005-Tabla2-ICD10,
ELIX_09,Otros trastornos neurológicos,PREFIJO,R56,3,,,OMS-2008,Quan2005-Tabla2-ICD10,
ELIX_10,Enfermedad pulmonar crónica,EXACTO,I278,4,,,OMS-2008,Quan2005-Tabla2-ICD10,
ELIX_10,Enfermedad pulmonar crónica,EXACTO,I279,4,,,OMS-2008,Quan2005-Tabla2-ICD10,
ELIX_10,Enfermedad pulmonar crónica,RANGO,,3,J40,J47,OMS-2008,Quan2005-Tabla2-ICD10,
ELIX_10,Enfermedad pulmonar crónica,RANGO,,3,J60,J67,OMS-2008,Quan2005-Tabla2-ICD10,
ELIX_10,Enfermedad pulmonar crónica,EXACTO,J684,4,,,OMS-2008,Quan2005-Tabla2-ICD10,
ELIX_10,Enfermedad pulmonar crónica,EXACTO,J701,4,,,OMS-2008,Quan2005-Tabla2-ICD10,
ELIX_10,Enfermedad pulmonar crónica,EXACTO,J703,4,,,OMS-2008,Quan2005-Tabla2-ICD10,
ELIX_11,Diabetes no complicada,EXACTO,E100,4,,,OMS-2008,Quan2005-Tabla2-ICD10,
ELIX_11,Diabetes no complicada,EXACTO,E101,4,,,OMS-2008,Quan2005-Tabla2-ICD10,
ELIX_11,Diabetes no complicada,EXACTO,E109,4,,,OMS-2008,Quan2005-Tabla2-ICD10,
ELIX_11,Diabetes no complicada,EXACTO,E110,4,,,OMS-2008,Quan2005-Tabla2-ICD10,
ELIX_11,Diabetes no complicada,EXACTO,E111,4,,,OMS-2008,Quan2005-Tabla2-ICD10,
ELIX_11,Diabetes no complicada,EXACTO,E119,4,,,OMS-2008,Quan2005-Tabla2-ICD10,
ELIX_11,Diabetes no complicada,EXACTO,E120,4,,,OMS-2008,Quan2005-Tabla2-ICD10,
ELIX_11,Diabetes no complicada,EXACTO,E121,4,,,OMS-2008,Quan2005-Tabla2-ICD10,
ELIX_11,Diabetes no complicada,EXACTO,E129,4,,,OMS-2008,Quan2005-Tabla2-ICD10,
ELIX_11,Diabetes no complicada,EXACTO,E130,4,,,OMS-2008,Quan2005-Tabla2-ICD10,
ELIX_11,Diabetes no complicada,EXACTO,E131,4,,,OMS-2008,Quan2005-Tabla2-ICD10,
ELIX_11,Diabetes no complicada,EXACTO,E139,4,,,OMS-2008,Quan2005-Tabla2-ICD10,
ELIX_11,Diabetes no complicada,EXACTO,E140,4,,,OMS-2008,Quan2005-Tabla2-ICD10,
ELIX_11,Diabetes no complicada,EXACTO,E141,4,,,OMS-2008,Quan2005-Tabla2-ICD10,
ELIX_11,Diabetes no complicada,EXACTO,E149,4,,,OMS-2008,Quan2005-Tabla2-ICD10,
ELIX_12,Diabetes complicada,RANGO,,4,E102,E108,OMS-2008,Quan2005-Tabla2-ICD10,
ELIX_12,Diabetes complicada,RANGO,,4,E112,E118,OMS-2008,Quan2005-Tabla2-ICD10,
ELIX_12,Diabetes complicada,RANGO,,4,E122,E128,OMS-2008,Quan2005-Tabla2-ICD10,
ELIX_12,Diabetes complicada,RANGO,,4,E132,E138,OMS-2008,Quan2005-Tabla2-ICD10,
ELIX_12,Diabetes complicada,RANGO,,4,E142,E148,OMS-2008,Quan2005-Tabla2-ICD10,Subordina a ELIX_11 sólo para el score (D28)
ELIX_13,Hipotiroidismo,RANGO,,3,E00,E03,OMS-2008,Quan2005-Tabla2-ICD10,
ELIX_13,Hipotiroidismo,EXACTO,E890,4,,,OMS-2008,Quan2005-Tabla2-ICD10,
ELIX_14,Insuficiencia renal,EXACTO,I120,4,,,OMS-2008,Quan2005-Tabla2-ICD10,
ELIX_14,Insuficiencia renal,EXACTO,I131,4,,,OMS-2008,Quan2005-Tabla2-ICD10,
ELIX_14,Insuficiencia renal,PREFIJO,N18,3,,,OMS-2008,Quan2005-Tabla2-ICD10,
ELIX_14,Insuficiencia renal,PREFIJO,N19,3,,,OMS-2008,Quan2005-Tabla2-ICD10,
ELIX_14,Insuficiencia renal,EXACTO,N250,4,,,OMS-2008,Quan2005-Tabla2-ICD10,Las claves Z49.0-Z49.2 / Z94.0 / Z99.2 de la fuente quedan omitidas por R12.10
ELIX_15,Enfermedad hepática,PREFIJO,B18,3,,,OMS-2008,Quan2005-Tabla2-ICD10,
ELIX_15,Enfermedad hepática,PREFIJO,I85,3,,,OMS-2008,Quan2005-Tabla2-ICD10,
ELIX_15,Enfermedad hepática,EXACTO,I864,4,,,OMS-2008,Quan2005-Tabla2-ICD10,
ELIX_15,Enfermedad hepática,EXACTO,I982,4,,,OMS-2008,Quan2005-Tabla2-ICD10,
ELIX_15,Enfermedad hepática,PREFIJO,K70,3,,,OMS-2008,Quan2005-Tabla2-ICD10,
ELIX_15,Enfermedad hepática,EXACTO,K711,4,,,OMS-2008,Quan2005-Tabla2-ICD10,
ELIX_15,Enfermedad hepática,RANGO,,4,K713,K715,OMS-2008,Quan2005-Tabla2-ICD10,
ELIX_15,Enfermedad hepática,EXACTO,K717,4,,,OMS-2008,Quan2005-Tabla2-ICD10,
ELIX_15,Enfermedad hepática,RANGO,,3,K72,K74,OMS-2008,Quan2005-Tabla2-ICD10,
ELIX_15,Enfermedad hepática,EXACTO,K760,4,,,OMS-2008,Quan2005-Tabla2-ICD10,
ELIX_15,Enfermedad hepática,RANGO,,4,K762,K769,OMS-2008,Quan2005-Tabla2-ICD10,La clave Z94.4 de la fuente queda omitida por R12.10
ELIX_16,Úlcera péptica sin hemorragia,EXACTO,K257,4,,,OMS-2008,Quan2005-Tabla2-ICD10,
ELIX_16,Úlcera péptica sin hemorragia,EXACTO,K259,4,,,OMS-2008,Quan2005-Tabla2-ICD10,
ELIX_16,Úlcera péptica sin hemorragia,EXACTO,K267,4,,,OMS-2008,Quan2005-Tabla2-ICD10,
ELIX_16,Úlcera péptica sin hemorragia,EXACTO,K269,4,,,OMS-2008,Quan2005-Tabla2-ICD10,
ELIX_16,Úlcera péptica sin hemorragia,EXACTO,K277,4,,,OMS-2008,Quan2005-Tabla2-ICD10,
ELIX_16,Úlcera péptica sin hemorragia,EXACTO,K279,4,,,OMS-2008,Quan2005-Tabla2-ICD10,
ELIX_16,Úlcera péptica sin hemorragia,EXACTO,K287,4,,,OMS-2008,Quan2005-Tabla2-ICD10,
ELIX_16,Úlcera péptica sin hemorragia,EXACTO,K289,4,,,OMS-2008,Quan2005-Tabla2-ICD10,
ELIX_17,VIH/SIDA,RANGO,,3,B20,B22,OMS-2008,Quan2005-Tabla2-ICD10,
ELIX_17,VIH/SIDA,PREFIJO,B24,3,,,OMS-2008,Quan2005-Tabla2-ICD10,
ELIX_18,Linfoma,RANGO,,3,C81,C85,OMS-2008,Quan2005-Tabla2-ICD10,
ELIX_18,Linfoma,PREFIJO,C88,3,,,OMS-2008,Quan2005-Tabla2-ICD10,
ELIX_18,Linfoma,EXACTO,C900,4,,,OMS-2008,Quan2005-Tabla2-ICD10,
ELIX_18,Linfoma,EXACTO,C902,4,,,OMS-2008,Quan2005-Tabla2-ICD10,
ELIX_18,Linfoma,PREFIJO,C96,3,,,OMS-2008,Quan2005-Tabla2-ICD10,
ELIX_19,Cáncer metastásico,RANGO,,3,C77,C80,OMS-2008,Quan2005-Tabla2-ICD10,Domina a ELIX_20 sólo para el score (D28)
ELIX_20,Tumor sólido sin metástasis,RANGO,,3,C00,C26,OMS-2008,Quan2005-Tabla2-ICD10,
ELIX_20,Tumor sólido sin metástasis,RANGO,,3,C30,C34,OMS-2008,Quan2005-Tabla2-ICD10,
ELIX_20,Tumor sólido sin metástasis,RANGO,,3,C37,C41,OMS-2008,Quan2005-Tabla2-ICD10,
ELIX_20,Tumor sólido sin metástasis,PREFIJO,C43,3,,,OMS-2008,Quan2005-Tabla2-ICD10,
ELIX_20,Tumor sólido sin metástasis,RANGO,,3,C45,C58,OMS-2008,Quan2005-Tabla2-ICD10,
ELIX_20,Tumor sólido sin metástasis,RANGO,,3,C60,C76,OMS-2008,Quan2005-Tabla2-ICD10,
ELIX_20,Tumor sólido sin metástasis,PREFIJO,C97,3,,,OMS-2008,Quan2005-Tabla2-ICD10,
ELIX_21,Artritis reumatoide y enfermedades del colágeno,EXACTO,L940,4,,,OMS-2008,Quan2005-Tabla2-ICD10,
ELIX_21,Artritis reumatoide y enfermedades del colágeno,EXACTO,L941,4,,,OMS-2008,Quan2005-Tabla2-ICD10,
ELIX_21,Artritis reumatoide y enfermedades del colágeno,EXACTO,L943,4,,,OMS-2008,Quan2005-Tabla2-ICD10,
ELIX_21,Artritis reumatoide y enfermedades del colágeno,PREFIJO,M05,3,,,OMS-2008,Quan2005-Tabla2-ICD10,
ELIX_21,Artritis reumatoide y enfermedades del colágeno,PREFIJO,M06,3,,,OMS-2008,Quan2005-Tabla2-ICD10,
ELIX_21,Artritis reumatoide y enfermedades del colágeno,PREFIJO,M08,3,,,OMS-2008,Quan2005-Tabla2-ICD10,
ELIX_21,Artritis reumatoide y enfermedades del colágeno,EXACTO,M120,4,,,OMS-2008,Quan2005-Tabla2-ICD10,
ELIX_21,Artritis reumatoide y enfermedades del colágeno,EXACTO,M123,4,,,OMS-2008,Quan2005-Tabla2-ICD10,
ELIX_21,Artritis reumatoide y enfermedades del colágeno,PREFIJO,M30,3,,,OMS-2008,Quan2005-Tabla2-ICD10,
ELIX_21,Artritis reumatoide y enfermedades del colágeno,RANGO,,4,M310,M313,OMS-2008,Quan2005-Tabla2-ICD10,
ELIX_21,Artritis reumatoide y enfermedades del colágeno,RANGO,,3,M32,M35,OMS-2008,Quan2005-Tabla2-ICD10,
ELIX_21,Artritis reumatoide y enfermedades del colágeno,PREFIJO,M45,3,,,OMS-2008,Quan2005-Tabla2-ICD10,
ELIX_21,Artritis reumatoide y enfermedades del colágeno,EXACTO,M461,4,,,OMS-2008,Quan2005-Tabla2-ICD10,
ELIX_21,Artritis reumatoide y enfermedades del colágeno,EXACTO,M468,4,,,OMS-2008,Quan2005-Tabla2-ICD10,
ELIX_21,Artritis reumatoide y enfermedades del colágeno,EXACTO,M469,4,,,OMS-2008,Quan2005-Tabla2-ICD10,
ELIX_22,Coagulopatía,RANGO,,3,D65,D68,OMS-2008,Quan2005-Tabla2-ICD10,Categoría contaminable sin marcador POA (R13.1)
ELIX_22,Coagulopatía,EXACTO,D691,4,,,OMS-2008,Quan2005-Tabla2-ICD10,
ELIX_22,Coagulopatía,RANGO,,4,D693,D696,OMS-2008,Quan2005-Tabla2-ICD10,
ELIX_23,Obesidad,PREFIJO,E66,3,,,OMS-2008,Quan2005-Tabla2-ICD10,
ELIX_24,Pérdida de peso,RANGO,,3,E40,E46,OMS-2008,Quan2005-Tabla2-ICD10,Categoría contaminable sin marcador POA (R13.1)
ELIX_24,Pérdida de peso,EXACTO,R634,4,,,OMS-2008,Quan2005-Tabla2-ICD10,
ELIX_24,Pérdida de peso,PREFIJO,R64,3,,,OMS-2008,Quan2005-Tabla2-ICD10,
ELIX_25,Trastornos de fluidos y electrolitos,EXACTO,E222,4,,,OMS-2008,Quan2005-Tabla2-ICD10,Categoría contaminable sin marcador POA (R13.1)
ELIX_25,Trastornos de fluidos y electrolitos,PREFIJO,E86,3,,,OMS-2008,Quan2005-Tabla2-ICD10,
ELIX_25,Trastornos de fluidos y electrolitos,PREFIJO,E87,3,,,OMS-2008,Quan2005-Tabla2-ICD10,
ELIX_26,Anemia por pérdida de sangre,EXACTO,D500,4,,,OMS-2008,Quan2005-Tabla2-ICD10,Categoría contaminable sin marcador POA (R13.1)
ELIX_27,Anemia por deficiencia,EXACTO,D508,4,,,OMS-2008,Quan2005-Tabla2-ICD10,
ELIX_27,Anemia por deficiencia,EXACTO,D509,4,,,OMS-2008,Quan2005-Tabla2-ICD10,
ELIX_27,Anemia por deficiencia,RANGO,,3,D51,D53,OMS-2008,Quan2005-Tabla2-ICD10,
ELIX_28,Abuso de alcohol,PREFIJO,E52,3,,,OMS-2008,Quan2005-Tabla2-ICD10,
ELIX_28,Abuso de alcohol,PREFIJO,F10,3,,,OMS-2008,Quan2005-Tabla2-ICD10,
ELIX_28,Abuso de alcohol,EXACTO,G621,4,,,OMS-2008,Quan2005-Tabla2-ICD10,
ELIX_28,Abuso de alcohol,EXACTO,I426,4,,,OMS-2008,Quan2005-Tabla2-ICD10,
ELIX_28,Abuso de alcohol,EXACTO,K292,4,,,OMS-2008,Quan2005-Tabla2-ICD10,
ELIX_28,Abuso de alcohol,EXACTO,K700,4,,,OMS-2008,Quan2005-Tabla2-ICD10,
ELIX_28,Abuso de alcohol,EXACTO,K703,4,,,OMS-2008,Quan2005-Tabla2-ICD10,
ELIX_28,Abuso de alcohol,EXACTO,K709,4,,,OMS-2008,Quan2005-Tabla2-ICD10,
ELIX_28,Abuso de alcohol,PREFIJO,T51,3,,,OMS-2008,Quan2005-Tabla2-ICD10,Las claves Z50.2 / Z71.4 / Z72.1 de la fuente quedan omitidas por R12.10
ELIX_29,Abuso de drogas,RANGO,,3,F11,F16,OMS-2008,Quan2005-Tabla2-ICD10,
ELIX_29,Abuso de drogas,PREFIJO,F18,3,,,OMS-2008,Quan2005-Tabla2-ICD10,
ELIX_29,Abuso de drogas,PREFIJO,F19,3,,,OMS-2008,Quan2005-Tabla2-ICD10,Las claves Z71.5 y Z72.2 de la fuente quedan omitidas por R12.10
ELIX_30,Psicosis,PREFIJO,F20,3,,,OMS-2008,Quan2005-Tabla2-ICD10,
ELIX_30,Psicosis,RANGO,,3,F22,F25,OMS-2008,Quan2005-Tabla2-ICD10,
ELIX_30,Psicosis,PREFIJO,F28,3,,,OMS-2008,Quan2005-Tabla2-ICD10,
ELIX_30,Psicosis,PREFIJO,F29,3,,,OMS-2008,Quan2005-Tabla2-ICD10,
ELIX_30,Psicosis,EXACTO,F302,4,,,OMS-2008,Quan2005-Tabla2-ICD10,
ELIX_30,Psicosis,EXACTO,F312,4,,,OMS-2008,Quan2005-Tabla2-ICD10,
ELIX_30,Psicosis,EXACTO,F315,4,,,OMS-2008,Quan2005-Tabla2-ICD10,F31.5 pertenece también a ELIX_31 en la fuente
ELIX_31,Depresión,EXACTO,F204,4,,,OMS-2008,Quan2005-Tabla2-ICD10,F20.4 queda cubierto además por el prefijo F20 de ELIX_30
ELIX_31,Depresión,RANGO,,4,F313,F315,OMS-2008,Quan2005-Tabla2-ICD10,
ELIX_31,Depresión,PREFIJO,F32,3,,,OMS-2008,Quan2005-Tabla2-ICD10,
ELIX_31,Depresión,PREFIJO,F33,3,,,OMS-2008,Quan2005-Tabla2-ICD10,
ELIX_31,Depresión,EXACTO,F341,4,,,OMS-2008,Quan2005-Tabla2-ICD10,
ELIX_31,Depresión,EXACTO,F412,4,,,OMS-2008,Quan2005-Tabla2-ICD10,
ELIX_31,Depresión,EXACTO,F432,4,,,OMS-2008,Quan2005-Tabla2-ICD10,
