COD_HOSPITAL,N_base,O_base,E_base,N_tr,N_link,O_link,E_link,N_nolink,E_nolink,nombre_oficial,es_monografico,OE_base,Z_base,P_base,lambda_obs,byar_low,byar_high,lambda_quiebre,mort_pct_quiebre
119101,2590,122,175.28852950631614,185,113,14,7.847397112653774,72,4.844781101786604,Hospital de Tomé,NO,0.6959953417579671,-4.767975570285754,9.304317087013633e-7,1.7840310358991867,0.9745193904374807,2.9935003352313694,20.075921322159918,135.088116975771
112101,10148,502,382.1961234039175,908,168,15,10.679670895150476,740,59.05611702733839,"Hospital Dr. Luis Tisné B. (Santiago, Peñalolén)",NO,1.3134617785473188,3.8067900373691033,0.999929608916028,1.404537662935975,0.785526952008499,2.316721575994105,0.0,0.0
118105,4210,163,212.20888826096916,310,244,12,14.367547455563502,66,2.755681456496591,Hospital San José (Coronel),NO,0.7681110877860436,-4.409732534419942,5.174918485861093e-6,0.8352156161038659,0.43107075769381814,1.4590546288393915,38.51542477945836,160.81248765733739
122100,13010,406,476.4338145029356,532,84,5,5.665304088094624,448,36.2928701403642,Hospital Clínico Regional (Valdivia),NO,0.852164535012236,-5.083020041155991,1.8574024424879905e-7,0.8825651584188164,0.28441718860256193,2.059607284710472,5.53700810780553,44.85578487114505
113100,18355,972,754.7467675437346,503,51,9,4.575536976945215,452,29.794567465140073,"Hospital Barros Luco Trudeau (Santiago, San Miguel)",NO,1.2878491724625722,4.801173532120437,0.9999992113074903,1.96698224609447,0.8975604402751464,3.7341941605600186,0.0,0.0
104103,3649,122,166.2472090984262,162,111,12,6.4638561339640015,51,2.8477360331122226,Hospital Provincial del Huasco Monseñor Fernando Ariztía Ruiz (Vallenar),NO,0.7338469058314852,-4.232985257308046,0.000011530481378339745,1.8564769622496105,0.9581632758391061,3.2431162120023593,29.790384151091498,166.34343213199713
103100,13075,663,479.0519359327877,107,50,6,2.890836171149965,57,1.8482421677776932,Hospital Dr. Leonardo Guzmán (Antofagasta),NO,1.3839835522406085,5.743489925430746,0.9999999953627557,2.0755240507500705,0.7578917001761918,4.517687788402958,0.0,0.0
104100,8220,332,292.9732489513568,203,107,7,5.705814319669121,96,6.443681503090838,Hospital San José del Carmen (Copiapó),NO,1.1332092646285357,0.43133065911262736,0.666886019642579,1.2268187515092375,0.49149494593806614,2.527844870199802,4.562625993995484,30.625113253156407
117101,12638,583,592.9309324514911,636,169,19,11.633891336500609,467,31.92015161020653,Hospital Clínico Herminda Martín (Chillán),NO,0.9832511142395095,-2.725948280997431,0.003205852205861516,1.633159486404062,0.9828068980784639,2.5505271558944047,4.512445383813857,30.8432421379261
126100,8512,332,382.47145633915295,113,31,4,2.3967289571498385,82,8.58721998961072,Hospital Clínico de Magallanes Dr. Lautaro Navarro Avaria,NO,0.8680386326806101,-4.260315755173212,0.000010206915154860911,1.6689413244110642,0.4489954470506626,4.272858051382282,15.553024422056572,162.87468562925355
116110,3690,146,171.32334192479456,392,287,22,14.551139852698197,105,1.9551386385040852,Hospital San José (Parral),NO,0.8521897737909485,-2.992994744103547,0.0013812725334762714,1.5119090478620183,0.9471676576749489,2.2891677362651057,33.29078416874394,61.98866517562989
116105,18897,657,683.1811862031602,311,125,10,8.869884533315137,186,12.341088695183084,Hospital Dr. César Garavagno Burotto (Talca),NO,0.9616775363082457,-3.4503612164453914,0.00027991846613782423,1.1274103921466134,0.5397342206149677,2.073491126628749,12.638233183482894,83.85460035901531
116108,7203,370,341.14727554418386,372,223,19,17.029969057153647,149,11.203708406786866,Hospital Presidente Carlos Ibáñez del Campo (Linares),NO,1.0845755675750055,-0.3508739471538151,0.3628414587832449,1.1156802420623788,0.6713969132084325,1.7423728535786818,4.733652459079352,35.59359855744608
129100,6206,233,251.15451445807702,212,89,7,5.780452643611596,123,8.671538987935984,Hospital Dr. Mauricio Heyermann (Angol),NO,0.9277157549915059,-2.5849750579580766,0.004869302102776882,1.2109778302113097,0.4851486680161187,2.495204847708343,9.567842552264416,67.45359327023888
121121,2518,53,85.08734045009746,288,99,10,4.819347238512258,189,8.268761242864818,Hospital de Villarrica,NO,0.6228893713170383,-3.6367119011503206,0.00013807024412281502,2.0749698050574623,0.9933669392561709,3.816207042953819,7.888453498992032,34.51203098338978
105102,5695,335,283.93084547439946,219,107,13,9.44115321234655,112,12.206206794400295,Hospital Dr. Antonio Tirado Lanas (Ovalle),NO,1.1798647640423596,1.1477367589583756,0.8744613742756449,1.3769504326017519,0.7324482017960814,2.3547875912212586,1.7141298666183413,18.68127109321542
107100,13495,575,618.167124207663,570,202,16,19.542430545627095,368,32.148716119808405,Hospital Dr. Gustavo Fricke (Viña del Mar),NO,0.9301691686322002,-4.011452207732893,0.00003017319719675353,0.8187313222192945,0.46767006381623716,1.329652172731725,5.999000061322235,52.40764944950047
116100,8782,367,410.42123040193167,282,107,13,5.901573768287851,175,13.645330681610247,Hospital San Juan de Dios (Curicó),NO,0.8942032546430198,-3.9330797625001517,0.00004193219688224188,2.2028022541810106,1.1717477345489038,3.767115570208698,9.618160691062538,74.99599038766473
117102,4919,186,254.75747150720423,262,99,11,6.895764507502583,163,15.109046427185197,Hospital de San Carlos,NO,0.7301061629304958,-5.382824297179454,3.666305292678869e-8,1.5951820843116111,0.7952149602882492,2.854420364558317,9.187024234724372,85.15777649700988
106103,4362,320,200.66511751073656,299,170,12,9.061956896194967,129,7.535897254766032,Hospital Claudio Vicuña (San Antonio),NO,1.5946966965141733,6.315123552548022,0.9999999998650272,1.3242172896495115,0.6834538763335115,2.3133012946587437,0.0,0.0
121114,3259,106,164.70045355457756,333,124,6,9.153058064151756,209,6.395335112466284,Hospital Intercultural de Nueva Imperial,NO,0.6435926417462735,-5.138674706190094,1.383414417297205e-7,0.6555186209840831,0.23936707549846856,1.4268340894533662,17.55742681729844,53.72518096135208
110150,4516,184,170.94998080109968,170,109,6,5.9869214329003775,61,2.359719632659153,Hospital San José (Melipilla),NO,1.0763382314390781,-0.39811218789469605,0.34527374536223754,1.0021845229215387,0.36595448349190607,2.181404151540847,14.06069699739323,54.392299596099036
113150,3564,173,131.97586271021012,141,70,9,2.8617050440266967,71,2.3995468834548883,Hospital San Luis (Buin),NO,1.3108457595755205,2.038439470446875,0.9792469988242143,3.144978207584988,1.435095832847771,5.9705466488935155,0.0,0.0
118100,21625,819,769.3684938803718,713,357,23,25.364811374665614,356,17.626906018806977,Hospital Clínico Regional Dr. Guillermo Grant Benavente (Concepción),NO,1.0645094080592092,-0.9850718939722496,0.162294378946642,0.9067680283628055,0.5746245470166536,1.3606659463018214,5.847835467314244,28.95484443702089
109100,13626,815,685.8436216295008,246,48,1,3.7176097535994086,198,11.998547408946479,"Complejo Hospitalario San José (Santiago, Independencia)",NO,1.1883175323022406,2.1131524315111485,0.9827061383870948,0.2689900409885128,0.003515735996246633,1.4966219421089364,0.0,0.0
121110,1900,105,117.08775496896166,305,144,11,11.094925182465795,161,15.130726705641816,Hospital Dr. Abraham Godoy (Lautaro),NO,0.8967632868854137,-2.0427570408791684,0.020538247553757723,0.9914442701591343,0.4942453426956843,1.7740913359669253,4.31265259657021,40.530166344770436
123100,12199,427,492.5583538646507,328,83,4,4.682716768905252,245,22.188423135829463,Hospital Base San José de Osorno,NO,0.8669023612120781,-4.870886455092072,5.554933707836239e-7,0.8542049834321155,0.22980684988691738,2.186953242515436,8.208506748425348,74.34033512137685
119100,15365,594,616.8123486037335,352,169,16,14.750249755039986,183,15.414509816915364,Hospital Las Higueras (Talcahuano),NO,0.9630157394621339,-3.248164692541144,0.0005807600955849822,1.0847273955163361,0.6196105077661466,1.7616403563996097,9.596915984287824,80.83702494640254
121117,2237,114,144.1443449171479,328,131,14,11.57618728258194,197,17.420675058333927,Hospital de Pitrufquén,NO,0.7908738984212358,-3.3516139978226454,0.0004017097680460302,1.2093791900779836,0.6606182557404622,2.0292679544644776,5.052855063958761,44.68230770867141
118106,2749,132,129.9978487003929,240,167,13,7.202696324214371,73,1.9239310711009157,Hospital de Lota,NO,1.0154014187128702,-0.985429237669273,0.16220663699110777,1.8048796471254764,0.9600787513443854,3.086609434929538,16.297756143185893,42.95309511383721
110120,13424,762,705.7814214458833,177,84,2,4.79431325806658,93,6.157097250844098,"Hospital Dr. Félix Bulnes Cerda (Santiago, Quinta Normal)",NO,1.0796543757682737,-0.5694833726804095,0.2845140757223654,0.41716089298815384,0.04684995388783208,1.5061554491366287,11.84628756205477,78.42875761401726
101100,11920,391,414.63947139496906,115,71,7,4.457904691516143,44,2.188970065022972,Hospital Dr. Juan Noé Crevanni (Arica),NO,0.9429878894176694,-3.041929819415655,0.0011753334681755638,1.5702444274597724,0.6290800487312892,3.2354692296893246,47.20805671910138,234.85687042277158
107102,3886,143,150.78516112537514,283,89,6,6.080035285584914,194,10.596356705577605,Hospital de Quilpué,NO,0.9483691825689538,-1.7766343873489174,0.0378142070077897,0.9868363781087475,0.36035000419786317,2.1479966242369213,5.701610255431522,31.142420650892706
128109,3383,136,119.10911645944111,511,145,12,7.851698192282824,366,19.703571794115156,Hospital Provincial Dr. Rafael Avaría (Curanilahue),NO,1.1418101656921495,0.2637950545074419,0.6040310772155236,1.5283317960176317,0.7888012779144983,2.669872950632951,1.8863984396971567,10.155406308437087
114105,10225,596,510.96401265614116,138,71,11,4.6388548949678015,67,4.739821378883371,Hospital Clínico Metropolitano La Florida Dra. Eloisa Díaz Inzunza,NO,1.1664226545071477,1.3337533732481242,0.9088576517622489,2.3712748618053836,1.1821053305502989,4.243161531257694,1.5132053775581245,10.704959998792958
112104,2924,41,66.52686106776949,81,41,6,3.712484291366871,40,3.0987474500884824,Instituto de Neurocirugía Dr. Alfonso Asenjo,NO,0.6162924169567263,-3.1656741181127357,0.0007736201457812406,1.616168454625543,0.5901548851744809,3.5178317923250626,16.695413759440214,129.3371770380938
120101,16998,415,663.9581133929869,786,112,6,7.477825374393004,674,60.19496143076353,Complejo Asistencial Dr. Víctor Ríos Ruiz (Los Ángeles),NO,0.625039428886936,-11.280844502967703,8.158598594099632e-30,0.8023723074018744,0.2929916962471893,1.746483050192633,7.189944184447272,64.21341437272197
106100,10509,602,465.7244098417321,1259,890,58,53.48719315886001,369,19.85021533429545,Hospital Carlos Van Buren (Valparaíso),NO,1.2926099368606827,3.8132851953060714,0.9999314341426435,1.084371726662431,0.8233557597860188,1.401833073179757,0.0,0.0
124105,15656,606,839.9591443585724,802,181,10,15.207824628342639,621,59.468152781805394,Hospital de Puerto Montt,NO,0.7214636617388893,-10.25392151745429,5.681871451774007e-25,0.6575562412367066,0.31479717398972495,1.2093529037528659,7.47550223600304,71.58684526430864
107101,5500,285,235.34686211937904,570,178,11,13.002508786352111,392,29.19280755341234,Hospital San Martín (Quillota),NO,1.210978542197153,1.459862712324532,0.92783609554608,0.8459905838745508,0.4217351581216834,1.513816369043659,1.3943280863554897,10.38376313553406
110100,14885,597,624.6527617592155,138,59,1,4.324947890379273,79,3.5070206733136806,"Hospital San Juan de Dios (Santiago, Santiago)",NO,0.9557309861540726,-3.438253907413991,0.0002927392183759087,0.23121665863870228,0.003022032811031358,1.286456269637772,40.91864759180184,181.6487886436533
112100,9979,542,577.5417973352272,669,166,22,13.099790884970297,503,55.58867829784522,"Hospital Del Salvador (Santiago, Providencia)",NO,0.9384602162142779,-3.6919271514046623,0.00011128061005711768,1.6794161214619943,1.0521060352645473,2.5427886726722835,3.473463288312839,38.3867263048505
108101,6160,230,226.80325959097624,252,105,16,6.329021026318087,147,9.466585539437716,Hospital San Juan de Dios (Los Andes),NO,1.0140947727770264,-1.2829499560627384,0.09975480465071357,2.5280371061285623,1.444047934489904,4.1056326290273795,5.329400169707865,34.320559578526115
113180,7197,438,238.58327887514946,1370,128,13,4.945371427031332,1242,61.13630651441935,"Hospital El Pino (Santiago, San Bernardo)",NO,1.8358369541446584,10.35811052743493,1.0,2.6287206515858808,1.3983086599858572,4.495498621141592,0.0,0.0
111195,10468,671,699.9052940916523,551,247,31,21.293587262667646,304,20.825190727046323,Hospital de Urgencia Asistencia Pública Dr. Alejandro del Río,NO,0.9587011352312086,-3.5657053800576883,0.00018143942601301106,1.4558373663206028,0.9889825625160997,2.066527315379664,7.853817958160425,53.8017292480896
102100,10856,435,447.8207662435821,427,151,4,16.566601440684547,276,22.152065608499637,Hospital Dr. Ernesto Torres Galdames (Iquique),NO,0.9713707643548434,-2.6065433430501455,0.004573062380634687,0.24144964278410963,0.06495722091388068,0.6181643626911317,6.171465000058696,49.532861442702696
125100,6123,121,191.121441377706,305,136,2,13.439582684544721,169,14.391185655982026,Hospital Regional (Coihaique),NO,0.6331053131860404,-5.698548770915957,6.041578421857765e-9,0.1488141445269699,0.016712822141608803,0.5372920579452934,10.154819828689865,86.4733121051618
111100,8745,145,95.73325374833142,67,24,4,0.8184952099795085,43,1.3577531350933967,"Hospital Clínico San Borja-Arriarán (Santiago, Santiago)",NO,1.51462521456947,3.4355365074833473,0.9997043091112038,4.887016993172314,1.3147546576377658,12.511841849135726,0.0,0.0
121109,14113,580,467.4495671212995,853,378,12,26.468701783662144,475,34.530186018247726,Hospital Dr. Hernán Henríquez Aravena (Temuco),NO,1.2407755633871291,2.771680074341292,0.9972116091484626,0.45336564286681497,0.23399068146570579,0.7919933811430458,0.0,0.0
111101,10942,781,845.4597414017974,400,146,19,11.680366925642527,254,22.594191148569905,Hospital Clínico Metropolitano El Carmen Doctor Luis Valentín Ferrada,NO,0.9237577636814247,-4.8683247917074866,5.627412258948013e-7,1.6266612274215715,0.9788963591466209,2.540378737360358,9.788721498546682,87.07411206231473
115100,13917,788,839.2835708213296,834,162,6,12.876543866840166,672,65.63640484322686,Hospital Regional de Rancagua,NO,0.9388960148819033,-4.440644454526826,4.484493734069495e-6,0.4659635428611612,0.17014975162130402,1.0142391781314677,4.115415264656308,40.19658666800253
115107,4939,150,228.14714935212615,214,68,2,5.658147331025379,146,14.483129878544272,Hospital San Juan de Dios (San Fernando),NO,0.6574704107676028,-5.987008443461892,1.0686784573262442e-9,0.35347259146706533,0.03969733234633472,1.2762094403074453,10.426850759742612,103.43385875174675
114103,9425,357,443.2216034973639,166,91,12,7.700159975687018,75,6.413365812570189,Hospital Padre Alberto Hurtado (San Ramón),NO,0.8054661532357442,-5.79012743576802,3.516652050478383e-9,1.5584091808338496,0.8043247916182498,2.722415727244576,27.044565070064497,231.26225204824203
114101,25461,1014,934.7877667774418,2385,407,28,22.727891312147957,1978,116.85525725409,"Complejo Hospitalario Dr. Sótero del Río (Santiago, Puente Alto)",NO,1.0847382005175699,-0.49371888984450163,0.310752361339217,1.2319664686637306,0.8184455509790094,1.780611813001116,1.6995118421677002,10.040287842410466
133150,3972,220,186.3965010013941,394,96,3,7.303158063140313,298,25.720449315064233,Hospital de Castro,NO,1.180279666292419,0.8810997843718471,0.8108680930214056,0.41078119548600023,0.08256033372667493,1.2002322618045398,1.81493472122094,15.664743794400476
115110,3192,91,149.31716405424098,249,111,8,8.87319243012313,138,11.292112511365309,Hospital de Santa Cruz,NO,0.6094409880899112,-5.176718459332519,1.1291129786572583e-7,0.9015920778232224,0.3882066788009369,1.776604938540985,9.986450858216811,81.71603382623542
105100,9266,442,458.6707807795844,234,138,16,12.078383004312975,96,8.08103669386641,Hospital San Juan de Dios (La Serena),NO,0.9636541469869746,-2.7905512019602523,0.002630918847478028,1.324680629376191,0.756674940439816,2.151333934863073,13.480089105040571,113.4719736400226
103101,6068,297,242.8129476913295,187,122,14,5.946348710113811,65,3.0100457287861326,Hospital Dr. Carlos Cisternas (Calama),NO,1.2231637679286962,1.6627048020947879,0.9518142297510119,2.354385974066436,1.286073357544118,3.9505227548239668,0.0,0.0
108100,6237,365,282.60046421666283,262,112,6,6.417081387771527,150,10.415012936615128,Hospital de San Camilo (San Felipe),NO,1.2915760807815357,2.8836828058707114,0.998034727800905,0.9350045039842688,0.34142324341697844,2.0351768162960915,0.0,0.0
110130,4339,206,214.2781667781135,153,101,9,6.852680544307422,52,2.5255383236013826,Hospital Adalberto Steeger (Talagante),NO,0.961367194322296,-1.9450745845283886,0.025883001144249088,1.3133546707465262,0.5993013911809634,2.4933226275853024,23.590303543211277,114.57349166109532
129106,4535,170,191.62495836001872,263,105,15,6.642720983462976,158,10.879290833844209,Hospital San José (Victoria),NO,0.88714957307706,-2.75069511506714,0.0029734482009810747,2.258110800881511,1.2629115911395692,3.7246519986171407,6.6912152224015475,46.0732129344
105101,10297,389,530.7656544721789,183,96,12,10.626713696695342,87,7.65958956822787,Hospital San Pablo (Coquimbo),NO,0.7329034889924103,-7.859450281544184,1.9291146265171253e-15,1.129229632273966,0.5828170161202008,1.9726735111559992,32.09135895160911,282.53636581149567
